{
  "authorWeeklyIntervalContributions": {
    "Paul Tan": [
      {
        "insertions": 0,
        "deletions": 0,
        "sinceDate": "2018-12-01",
        "untilDate": "2018-12-08"
      },
      {
        "insertions": 0,
        "deletions": 0,
        "sinceDate": "2018-12-08",
        "untilDate": "2018-12-15"
      }
    ],
    "Si Jie": [
      {
        "insertions": 4,
        "deletions": 4,
        "sinceDate": "2018-12-01",
        "untilDate": "2018-12-08"
      },
      {
        "insertions": 24,
        "deletions": 0,
        "sinceDate": "2018-12-08",
        "untilDate": "2018-12-15"
      }
    ]
  },
  "authorDailyIntervalContributions": {
    "Paul Tan": [
      {
        "insertions": 0,
        "deletions": 0,
        "sinceDate": "2018-12-01",
        "untilDate": "2018-12-02"
      },
      {
        "insertions": 0,
        "deletions": 0,
        "sinceDate": "2018-12-02",
        "untilDate": "2018-12-03"
      },
      {
        "insertions": 0,
        "deletions": 0,
        "sinceDate": "2018-12-03",
        "untilDate": "2018-12-04"
      },
      {
        "insertions": 0,
        "deletions": 0,
        "sinceDate": "2018-12-04",
        "untilDate": "2018-12-05"
      },
      {
        "insertions": 0,
        "deletions": 0,
        "sinceDate": "2018-12-05",
        "untilDate": "2018-12-06"
      },
      {
        "insertions": 0,
        "deletions": 0,
        "sinceDate": "2018-12-06",
        "untilDate": "2018-12-07"
      },
      {
        "insertions": 0,
        "deletions": 0,
        "sinceDate": "2018-12-07",
        "untilDate": "2018-12-08"
      },
      {
        "insertions": 0,
        "deletions": 0,
        "sinceDate": "2018-12-08",
        "untilDate": "2018-12-09"
      },
      {
        "insertions": 0,
        "deletions": 0,
        "sinceDate": "2018-12-09",
        "untilDate": "2018-12-10"
      },
      {
        "insertions": 0,
        "deletions": 0,
        "sinceDate": "2018-12-10",
        "untilDate": "2018-12-11"
      },
      {
        "insertions": 0,
        "deletions": 0,
        "sinceDate": "2018-12-11",
        "untilDate": "2018-12-12"
      },
      {
        "insertions": 0,
        "deletions": 0,
        "sinceDate": "2018-12-12",
        "untilDate": "2018-12-13"
      },
      {
        "insertions": 0,
        "deletions": 0,
        "sinceDate": "2018-12-13",
        "untilDate": "2018-12-14"
      }
    ],
    "Si Jie": [
      {
        "insertions": 4,
        "deletions": 4,
        "sinceDate": "2018-12-01",
        "untilDate": "2018-12-02"
      },
      {
        "insertions": 0,
        "deletions": 0,
        "sinceDate": "2018-12-02",
        "untilDate": "2018-12-03"
      },
      {
        "insertions": 0,
        "deletions": 0,
        "sinceDate": "2018-12-03",
        "untilDate": "2018-12-04"
      },
      {
        "insertions": 0,
        "deletions": 0,
        "sinceDate": "2018-12-04",
        "untilDate": "2018-12-05"
      },
      {
        "insertions": 0,
        "deletions": 0,
        "sinceDate": "2018-12-05",
        "untilDate": "2018-12-06"
      },
      {
        "insertions": 0,
        "deletions": 0,
        "sinceDate": "2018-12-06",
        "untilDate": "2018-12-07"
      },
      {
        "insertions": 0,
        "deletions": 0,
        "sinceDate": "2018-12-07",
        "untilDate": "2018-12-08"
      },
      {
        "insertions": 0,
        "deletions": 0,
        "sinceDate": "2018-12-08",
        "untilDate": "2018-12-09"
      },
      {
        "insertions": 0,
        "deletions": 0,
        "sinceDate": "2018-12-09",
        "untilDate": "2018-12-10"
      },
      {
        "insertions": 0,
        "deletions": 0,
        "sinceDate": "2018-12-10",
        "untilDate": "2018-12-11"
      },
      {
        "insertions": 0,
        "deletions": 0,
        "sinceDate": "2018-12-11",
        "untilDate": "2018-12-12"
      },
      {
        "insertions": 0,
        "deletions": 0,
        "sinceDate": "2018-12-12",
        "untilDate": "2018-12-13"
      },
      {
        "insertions": 24,
        "deletions": 0,
        "sinceDate": "2018-12-13",
        "untilDate": "2018-12-14"
      }
    ]
  },
  "authorFinalContributionMap": {
    "Paul Tan": 0,
    "Si Jie": 28
  },
  "authorContributionVariance": {
    "Paul Tan": 0.0,
    "Si Jie": 43.171597
  },
  "authorDisplayNameMap": {
    "Paul Tan": "Paul Tan",
    "Si Jie": "Si Jie"
  }
}
