{
  "authorDailyContributionsMap": {
    "ChesterSng": [
      {
        "insertions": 0,
        "deletions": 0,
        "date": "2018-12-01",
        "commitResults": []
      }
    ],
    "blewjy": [
      {
        "insertions": 0,
        "deletions": 0,
        "date": "2018-12-01",
        "commitResults": []
      }
    ],
    "YuPeiHenry": [
      {
        "insertions": 0,
        "deletions": 0,
        "date": "2018-12-01",
        "commitResults": []
      }
    ]
  },
  "authorFinalContributionMap": {
    "ChesterSng": 0,
    "blewjy": 0,
    "YuPeiHenry": 0
  },
  "authorContributionVariance": {
    "ChesterSng": 0.0,
    "blewjy": 0.0,
    "YuPeiHenry": 0.0
  },
  "authorDisplayNameMap": {
    "ChesterSng": "CHESTER",
    "blewjy": "BRYAN",
    "YuPeiHenry": "HENRY"
  }
}
