{
  "authorWeeklyIntervalContributions": {
    "Xenonym": [],
    "marvinchin": [],
    "sijie123": [],
    "luyangkenneth": [],
    "amad-person": []
  },
  "authorDailyIntervalContributions": {
    "Xenonym": [],
    "marvinchin": [],
    "sijie123": [],
    "luyangkenneth": [],
    "amad-person": []
  },
  "authorFinalContributionMap": {
    "Xenonym": 0,
    "marvinchin": 0,
    "sijie123": 0,
    "luyangkenneth": 0,
    "amad-person": 0
  },
  "authorContributionVariance": {
    "Xenonym": 0.0,
    "marvinchin": 0.0,
    "sijie123": 0.0,
    "luyangkenneth": 0.0,
    "amad-person": 0.0
  },
  "authorDisplayNameMap": {
    "Xenonym": "ZHEN YONG",
    "marvinchin": "MARVIN",
    "sijie123": "SI JIE",
    "luyangkenneth": "KENNETH",
    "amad-person": "AADYAA"
  }
}
