{
  "authorWeeklyIntervalContributions": {
    "emer7": [],
    "fzdy1914": [],
    "marvinchin": [],
    "amrut-prabhu": [],
    "YuPeiHenry": [],
    "AyushChatto": [],
    "tanhengyeow": [],
    "sijie123": [],
    "luyangkenneth": [],
    "ChooJeremy": [],
    "Adoby7": [],
    "ChesterSng": [],
    "ongspxm": [],
    "Xenonym": [],
    "blewjy": [],
    "monmanuela": [],
    "rrtheonlyone": [],
    "RonakLakhotia": [],
    "chelseyong": [],
    "junming403": [],
    "amad-person": [],
    "jacoblipech": []
  },
  "authorDailyIntervalContributions": {
    "emer7": [],
    "fzdy1914": [],
    "marvinchin": [],
    "amrut-prabhu": [],
    "YuPeiHenry": [],
    "AyushChatto": [],
    "tanhengyeow": [],
    "sijie123": [],
    "luyangkenneth": [],
    "ChooJeremy": [],
    "Adoby7": [],
    "ChesterSng": [],
    "ongspxm": [],
    "Xenonym": [],
    "blewjy": [],
    "monmanuela": [],
    "rrtheonlyone": [],
    "RonakLakhotia": [],
    "chelseyong": [],
    "junming403": [],
    "amad-person": [],
    "jacoblipech": []
  },
  "authorFinalContributionMap": {
    "emer7": 0,
    "fzdy1914": 0,
    "marvinchin": 0,
    "amrut-prabhu": 0,
    "YuPeiHenry": 0,
    "AyushChatto": 0,
    "tanhengyeow": 0,
    "sijie123": 0,
    "luyangkenneth": 0,
    "ChooJeremy": 0,
    "Adoby7": 0,
    "ChesterSng": 0,
    "ongspxm": 0,
    "Xenonym": 0,
    "blewjy": 0,
    "monmanuela": 0,
    "rrtheonlyone": 0,
    "RonakLakhotia": 0,
    "chelseyong": 0,
    "junming403": 0,
    "amad-person": 0,
    "jacoblipech": 0
  },
  "authorContributionVariance": {
    "emer7": 0.0,
    "fzdy1914": 0.0,
    "marvinchin": 0.0,
    "amrut-prabhu": 0.0,
    "YuPeiHenry": 0.0,
    "AyushChatto": 0.0,
    "tanhengyeow": 0.0,
    "sijie123": 0.0,
    "luyangkenneth": 0.0,
    "ChooJeremy": 0.0,
    "Adoby7": 0.0,
    "ChesterSng": 0.0,
    "ongspxm": 0.0,
    "Xenonym": 0.0,
    "blewjy": 0.0,
    "monmanuela": 0.0,
    "rrtheonlyone": 0.0,
    "RonakLakhotia": 0.0,
    "chelseyong": 0.0,
    "junming403": 0.0,
    "amad-person": 0.0,
    "jacoblipech": 0.0
  },
  "authorDisplayNameMap": {
    "emer7": "GILBERT",
    "fzdy1914": "WANG CHAO",
    "marvinchin": "MARVIN",
    "amrut-prabhu": "AMRUT",
    "YuPeiHenry": "HENRY",
    "AyushChatto": "AYUSH",
    "tanhengyeow": "HENG YEOW",
    "sijie123": "SI JIE",
    "luyangkenneth": "KENNETH",
    "ChooJeremy": "JEREMY",
    "Adoby7": "CHUNHUI",
    "ChesterSng": "CHESTER",
    "ongspxm": "SHU PENG",
    "Xenonym": "ZHEN YONG",
    "blewjy": "BRYAN",
    "monmanuela": "MONIKA",
    "rrtheonlyone": "RAHUL",
    "RonakLakhotia": "RONAK",
    "chelseyong": "CHELSEY",
    "junming403": "JUNMING",
    "amad-person": "AADYAA",
    "jacoblipech": "JACOB"
  }
}
