{
  "dashboardGeneratedTime": "Tue Jan 29 19:35:34 SGT 2019",
  "repos": [
    {
      "location": {
        "location": "https://github.com/markbind/markbind.git",
        "repoName": "markbind",
        "organization": "markbind"
      },
      "branch": "master",
      "displayName": "markbind_markbind_master",
      "sinceDate": "2018-12-01"
    },
    {
      "location": {
        "location": "https://github.com/powerpointlabs/powerpointlabs.git",
        "repoName": "powerpointlabs",
        "organization": "powerpointlabs"
      },
      "branch": "master",
      "displayName": "powerpointlabs_powerpointlabs_master",
      "sinceDate": "2018-12-01"
    },
    {
      "location": {
        "location": "https://github.com/reposense/reposense.git",
        "repoName": "reposense",
        "organization": "reposense"
      },
      "branch": "master",
      "displayName": "reposense_reposense_master",
      "sinceDate": "2018-12-01"
    },
    {
      "location": {
        "location": "https://github.com/TEAMMATES/teammates.git",
        "repoName": "teammates",
        "organization": "TEAMMATES"
      },
      "branch": "master",
      "displayName": "TEAMMATES_teammates_master",
      "sinceDate": "2018-12-01"
    }
  ]
}
