{
  "dashboardGeneratedTime": "Mon Feb 11 17:34:09 SGT 2019",
  "repos": [
    {
      "location": {
        "location": "https://github.com/markbind/markbind.git",
        "repoName": "markbind",
        "organization": "markbind"
      },
      "branch": "master",
      "displayName": "markbind_markbind_master",
      "sinceDate": "2018-12-01"
    },
    {
      "location": {
        "location": "https://github.com/markbind/vue-strap.git",
        "repoName": "vue-strap",
        "organization": "markbind"
      },
      "branch": "master",
      "displayName": "markbind_vue-strap_master",
      "sinceDate": "2018-12-01"
    },
    {
      "location": {
        "location": "https://github.com/powerpointlabs/powerpointlabs.git",
        "repoName": "powerpointlabs",
        "organization": "powerpointlabs"
      },
      "branch": "dev-release",
      "displayName": "powerpointlabs_powerpointlabs_dev-release",
      "sinceDate": "2018-12-01"
    },
    {
      "location": {
        "location": "https://github.com/powerpointlabs/PowerPointLabs-Website.git",
        "repoName": "PowerPointLabs-Website",
        "organization": "powerpointlabs"
      },
      "branch": "master",
      "displayName": "powerpointlabs_PowerPointLabs-Website_master",
      "sinceDate": "2018-12-01"
    },
    {
      "location": {
        "location": "https://github.com/reposense/reposense.git",
        "repoName": "reposense",
        "organization": "reposense"
      },
      "branch": "master",
      "displayName": "reposense_reposense_master",
      "sinceDate": "2018-12-01"
    },
    {
      "location": {
        "location": "https://github.com/se-edu/addressbook-level4.git",
        "repoName": "addressbook-level4",
        "organization": "se-edu"
      },
      "branch": "master",
      "displayName": "se-edu_addressbook-level4_master",
      "sinceDate": "2018-12-01"
    },
    {
      "location": {
        "location": "https://github.com/TEAMMATES/teammates.git",
        "repoName": "teammates",
        "organization": "TEAMMATES"
      },
      "branch": "master",
      "displayName": "TEAMMATES_teammates_master",
      "sinceDate": "2018-12-01"
    }
  ]
}
