{
  "authorWeeklyIntervalContributions": {
    "emer7": [],
    "ongspxm": [],
    "fzdy1914": [],
    "chelseyong": []
  },
  "authorDailyIntervalContributions": {
    "emer7": [],
    "ongspxm": [],
    "fzdy1914": [],
    "chelseyong": []
  },
  "authorFinalContributionMap": {
    "emer7": 0,
    "ongspxm": 0,
    "fzdy1914": 0,
    "chelseyong": 0
  },
  "authorContributionVariance": {
    "emer7": 0.0,
    "ongspxm": 0.0,
    "fzdy1914": 0.0,
    "chelseyong": 0.0
  },
  "authorDisplayNameMap": {
    "emer7": "GILBERT",
    "ongspxm": "SHU PENG",
    "fzdy1914": "WANG CHAO",
    "chelseyong": "CHELSEY"
  }
}
