{
  "authorWeeklyIntervalContributions": {
    "emer7": [
      {
        "insertions": 0,
        "deletions": 0,
        "sinceDate": "2018-12-01",
        "untilDate": "2018-12-08"
      },
      {
        "insertions": 0,
        "deletions": 0,
        "sinceDate": "2018-12-08",
        "untilDate": "2018-12-15"
      },
      {
        "insertions": 0,
        "deletions": 0,
        "sinceDate": "2018-12-15",
        "untilDate": "2018-12-22"
      },
      {
        "insertions": 0,
        "deletions": 0,
        "sinceDate": "2018-12-22",
        "untilDate": "2018-12-29"
      },
      {
        "insertions": 0,
        "deletions": 0,
        "sinceDate": "2018-12-29",
        "untilDate": "2019-01-05"
      },
      {
        "insertions": 0,
        "deletions": 0,
        "sinceDate": "2019-01-05",
        "untilDate": "2019-01-12"
      },
      {
        "insertions": 0,
        "deletions": 0,
        "sinceDate": "2019-01-12",
        "untilDate": "2019-01-19"
      },
      {
        "insertions": 0,
        "deletions": 0,
        "sinceDate": "2019-01-19",
        "untilDate": "2019-01-26"
      },
      {
        "insertions": 84,
        "deletions": 6,
        "sinceDate": "2019-01-26",
        "untilDate": "2019-02-02"
      }
    ],
    "ongspxm": [
      {
        "insertions": 0,
        "deletions": 0,
        "sinceDate": "2018-12-01",
        "untilDate": "2018-12-08"
      },
      {
        "insertions": 0,
        "deletions": 0,
        "sinceDate": "2018-12-08",
        "untilDate": "2018-12-15"
      },
      {
        "insertions": 0,
        "deletions": 0,
        "sinceDate": "2018-12-15",
        "untilDate": "2018-12-22"
      },
      {
        "insertions": 0,
        "deletions": 0,
        "sinceDate": "2018-12-22",
        "untilDate": "2018-12-29"
      },
      {
        "insertions": 0,
        "deletions": 0,
        "sinceDate": "2018-12-29",
        "untilDate": "2019-01-05"
      },
      {
        "insertions": 0,
        "deletions": 0,
        "sinceDate": "2019-01-05",
        "untilDate": "2019-01-12"
      },
      {
        "insertions": 0,
        "deletions": 0,
        "sinceDate": "2019-01-12",
        "untilDate": "2019-01-19"
      },
      {
        "insertions": 0,
        "deletions": 0,
        "sinceDate": "2019-01-19",
        "untilDate": "2019-01-26"
      },
      {
        "insertions": 0,
        "deletions": 0,
        "sinceDate": "2019-01-26",
        "untilDate": "2019-02-02"
      }
    ],
    "fzdy1914": [
      {
        "insertions": 0,
        "deletions": 0,
        "sinceDate": "2018-12-01",
        "untilDate": "2018-12-08"
      },
      {
        "insertions": 0,
        "deletions": 0,
        "sinceDate": "2018-12-08",
        "untilDate": "2018-12-15"
      },
      {
        "insertions": 3,
        "deletions": 0,
        "sinceDate": "2018-12-15",
        "untilDate": "2018-12-22"
      },
      {
        "insertions": 1,
        "deletions": 0,
        "sinceDate": "2018-12-22",
        "untilDate": "2018-12-29"
      },
      {
        "insertions": 0,
        "deletions": 0,
        "sinceDate": "2018-12-29",
        "untilDate": "2019-01-05"
      },
      {
        "insertions": 103,
        "deletions": 9,
        "sinceDate": "2019-01-05",
        "untilDate": "2019-01-12"
      },
      {
        "insertions": 0,
        "deletions": 0,
        "sinceDate": "2019-01-12",
        "untilDate": "2019-01-19"
      },
      {
        "insertions": 182,
        "deletions": 29,
        "sinceDate": "2019-01-19",
        "untilDate": "2019-01-26"
      },
      {
        "insertions": 0,
        "deletions": 0,
        "sinceDate": "2019-01-26",
        "untilDate": "2019-02-02"
      }
    ],
    "chelseyong": [
      {
        "insertions": 0,
        "deletions": 0,
        "sinceDate": "2018-12-01",
        "untilDate": "2018-12-08"
      },
      {
        "insertions": 0,
        "deletions": 0,
        "sinceDate": "2018-12-08",
        "untilDate": "2018-12-15"
      },
      {
        "insertions": 0,
        "deletions": 0,
        "sinceDate": "2018-12-15",
        "untilDate": "2018-12-22"
      },
      {
        "insertions": 0,
        "deletions": 0,
        "sinceDate": "2018-12-22",
        "untilDate": "2018-12-29"
      },
      {
        "insertions": 0,
        "deletions": 0,
        "sinceDate": "2018-12-29",
        "untilDate": "2019-01-05"
      },
      {
        "insertions": 0,
        "deletions": 0,
        "sinceDate": "2019-01-05",
        "untilDate": "2019-01-12"
      },
      {
        "insertions": 38,
        "deletions": 0,
        "sinceDate": "2019-01-12",
        "untilDate": "2019-01-19"
      },
      {
        "insertions": 0,
        "deletions": 0,
        "sinceDate": "2019-01-19",
        "untilDate": "2019-01-26"
      },
      {
        "insertions": 4,
        "deletions": 1,
        "sinceDate": "2019-01-26",
        "untilDate": "2019-02-02"
      }
    ]
  },
  "authorDailyIntervalContributions": {
    "emer7": [
      {
        "insertions": 0,
        "deletions": 0,
        "sinceDate": "2018-12-01",
        "untilDate": "2018-12-02"
      },
      {
        "insertions": 0,
        "deletions": 0,
        "sinceDate": "2018-12-02",
        "untilDate": "2018-12-03"
      },
      {
        "insertions": 0,
        "deletions": 0,
        "sinceDate": "2018-12-03",
        "untilDate": "2018-12-04"
      },
      {
        "insertions": 0,
        "deletions": 0,
        "sinceDate": "2018-12-04",
        "untilDate": "2018-12-05"
      },
      {
        "insertions": 0,
        "deletions": 0,
        "sinceDate": "2018-12-05",
        "untilDate": "2018-12-06"
      },
      {
        "insertions": 0,
        "deletions": 0,
        "sinceDate": "2018-12-06",
        "untilDate": "2018-12-07"
      },
      {
        "insertions": 0,
        "deletions": 0,
        "sinceDate": "2018-12-07",
        "untilDate": "2018-12-08"
      },
      {
        "insertions": 0,
        "deletions": 0,
        "sinceDate": "2018-12-08",
        "untilDate": "2018-12-09"
      },
      {
        "insertions": 0,
        "deletions": 0,
        "sinceDate": "2018-12-09",
        "untilDate": "2018-12-10"
      },
      {
        "insertions": 0,
        "deletions": 0,
        "sinceDate": "2018-12-10",
        "untilDate": "2018-12-11"
      },
      {
        "insertions": 0,
        "deletions": 0,
        "sinceDate": "2018-12-11",
        "untilDate": "2018-12-12"
      },
      {
        "insertions": 0,
        "deletions": 0,
        "sinceDate": "2018-12-12",
        "untilDate": "2018-12-13"
      },
      {
        "insertions": 0,
        "deletions": 0,
        "sinceDate": "2018-12-13",
        "untilDate": "2018-12-14"
      },
      {
        "insertions": 0,
        "deletions": 0,
        "sinceDate": "2018-12-14",
        "untilDate": "2018-12-15"
      },
      {
        "insertions": 0,
        "deletions": 0,
        "sinceDate": "2018-12-15",
        "untilDate": "2018-12-16"
      },
      {
        "insertions": 0,
        "deletions": 0,
        "sinceDate": "2018-12-16",
        "untilDate": "2018-12-17"
      },
      {
        "insertions": 0,
        "deletions": 0,
        "sinceDate": "2018-12-17",
        "untilDate": "2018-12-18"
      },
      {
        "insertions": 0,
        "deletions": 0,
        "sinceDate": "2018-12-18",
        "untilDate": "2018-12-19"
      },
      {
        "insertions": 0,
        "deletions": 0,
        "sinceDate": "2018-12-19",
        "untilDate": "2018-12-20"
      },
      {
        "insertions": 0,
        "deletions": 0,
        "sinceDate": "2018-12-20",
        "untilDate": "2018-12-21"
      },
      {
        "insertions": 0,
        "deletions": 0,
        "sinceDate": "2018-12-21",
        "untilDate": "2018-12-22"
      },
      {
        "insertions": 0,
        "deletions": 0,
        "sinceDate": "2018-12-22",
        "untilDate": "2018-12-23"
      },
      {
        "insertions": 0,
        "deletions": 0,
        "sinceDate": "2018-12-23",
        "untilDate": "2018-12-24"
      },
      {
        "insertions": 0,
        "deletions": 0,
        "sinceDate": "2018-12-24",
        "untilDate": "2018-12-25"
      },
      {
        "insertions": 0,
        "deletions": 0,
        "sinceDate": "2018-12-25",
        "untilDate": "2018-12-26"
      },
      {
        "insertions": 0,
        "deletions": 0,
        "sinceDate": "2018-12-26",
        "untilDate": "2018-12-27"
      },
      {
        "insertions": 0,
        "deletions": 0,
        "sinceDate": "2018-12-27",
        "untilDate": "2018-12-28"
      },
      {
        "insertions": 0,
        "deletions": 0,
        "sinceDate": "2018-12-28",
        "untilDate": "2018-12-29"
      },
      {
        "insertions": 0,
        "deletions": 0,
        "sinceDate": "2018-12-29",
        "untilDate": "2018-12-30"
      },
      {
        "insertions": 0,
        "deletions": 0,
        "sinceDate": "2018-12-30",
        "untilDate": "2018-12-31"
      },
      {
        "insertions": 0,
        "deletions": 0,
        "sinceDate": "2018-12-31",
        "untilDate": "2019-01-01"
      },
      {
        "insertions": 0,
        "deletions": 0,
        "sinceDate": "2019-01-01",
        "untilDate": "2019-01-02"
      },
      {
        "insertions": 0,
        "deletions": 0,
        "sinceDate": "2019-01-02",
        "untilDate": "2019-01-03"
      },
      {
        "insertions": 0,
        "deletions": 0,
        "sinceDate": "2019-01-03",
        "untilDate": "2019-01-04"
      },
      {
        "insertions": 0,
        "deletions": 0,
        "sinceDate": "2019-01-04",
        "untilDate": "2019-01-05"
      },
      {
        "insertions": 0,
        "deletions": 0,
        "sinceDate": "2019-01-05",
        "untilDate": "2019-01-06"
      },
      {
        "insertions": 0,
        "deletions": 0,
        "sinceDate": "2019-01-06",
        "untilDate": "2019-01-07"
      },
      {
        "insertions": 0,
        "deletions": 0,
        "sinceDate": "2019-01-07",
        "untilDate": "2019-01-08"
      },
      {
        "insertions": 0,
        "deletions": 0,
        "sinceDate": "2019-01-08",
        "untilDate": "2019-01-09"
      },
      {
        "insertions": 0,
        "deletions": 0,
        "sinceDate": "2019-01-09",
        "untilDate": "2019-01-10"
      },
      {
        "insertions": 0,
        "deletions": 0,
        "sinceDate": "2019-01-10",
        "untilDate": "2019-01-11"
      },
      {
        "insertions": 0,
        "deletions": 0,
        "sinceDate": "2019-01-11",
        "untilDate": "2019-01-12"
      },
      {
        "insertions": 0,
        "deletions": 0,
        "sinceDate": "2019-01-12",
        "untilDate": "2019-01-13"
      },
      {
        "insertions": 0,
        "deletions": 0,
        "sinceDate": "2019-01-13",
        "untilDate": "2019-01-14"
      },
      {
        "insertions": 0,
        "deletions": 0,
        "sinceDate": "2019-01-14",
        "untilDate": "2019-01-15"
      },
      {
        "insertions": 0,
        "deletions": 0,
        "sinceDate": "2019-01-15",
        "untilDate": "2019-01-16"
      },
      {
        "insertions": 0,
        "deletions": 0,
        "sinceDate": "2019-01-16",
        "untilDate": "2019-01-17"
      },
      {
        "insertions": 0,
        "deletions": 0,
        "sinceDate": "2019-01-17",
        "untilDate": "2019-01-18"
      },
      {
        "insertions": 0,
        "deletions": 0,
        "sinceDate": "2019-01-18",
        "untilDate": "2019-01-19"
      },
      {
        "insertions": 0,
        "deletions": 0,
        "sinceDate": "2019-01-19",
        "untilDate": "2019-01-20"
      },
      {
        "insertions": 0,
        "deletions": 0,
        "sinceDate": "2019-01-20",
        "untilDate": "2019-01-21"
      },
      {
        "insertions": 0,
        "deletions": 0,
        "sinceDate": "2019-01-21",
        "untilDate": "2019-01-22"
      },
      {
        "insertions": 0,
        "deletions": 0,
        "sinceDate": "2019-01-22",
        "untilDate": "2019-01-23"
      },
      {
        "insertions": 0,
        "deletions": 0,
        "sinceDate": "2019-01-23",
        "untilDate": "2019-01-24"
      },
      {
        "insertions": 0,
        "deletions": 0,
        "sinceDate": "2019-01-24",
        "untilDate": "2019-01-25"
      },
      {
        "insertions": 0,
        "deletions": 0,
        "sinceDate": "2019-01-25",
        "untilDate": "2019-01-26"
      },
      {
        "insertions": 0,
        "deletions": 0,
        "sinceDate": "2019-01-26",
        "untilDate": "2019-01-27"
      },
      {
        "insertions": 0,
        "deletions": 0,
        "sinceDate": "2019-01-27",
        "untilDate": "2019-01-28"
      },
      {
        "insertions": 0,
        "deletions": 0,
        "sinceDate": "2019-01-28",
        "untilDate": "2019-01-29"
      },
      {
        "insertions": 26,
        "deletions": 4,
        "sinceDate": "2019-01-29",
        "untilDate": "2019-01-30"
      },
      {
        "insertions": 58,
        "deletions": 2,
        "sinceDate": "2019-01-30",
        "untilDate": "2019-01-31"
      }
    ],
    "ongspxm": [
      {
        "insertions": 0,
        "deletions": 0,
        "sinceDate": "2018-12-01",
        "untilDate": "2018-12-02"
      },
      {
        "insertions": 0,
        "deletions": 0,
        "sinceDate": "2018-12-02",
        "untilDate": "2018-12-03"
      },
      {
        "insertions": 0,
        "deletions": 0,
        "sinceDate": "2018-12-03",
        "untilDate": "2018-12-04"
      },
      {
        "insertions": 0,
        "deletions": 0,
        "sinceDate": "2018-12-04",
        "untilDate": "2018-12-05"
      },
      {
        "insertions": 0,
        "deletions": 0,
        "sinceDate": "2018-12-05",
        "untilDate": "2018-12-06"
      },
      {
        "insertions": 0,
        "deletions": 0,
        "sinceDate": "2018-12-06",
        "untilDate": "2018-12-07"
      },
      {
        "insertions": 0,
        "deletions": 0,
        "sinceDate": "2018-12-07",
        "untilDate": "2018-12-08"
      },
      {
        "insertions": 0,
        "deletions": 0,
        "sinceDate": "2018-12-08",
        "untilDate": "2018-12-09"
      },
      {
        "insertions": 0,
        "deletions": 0,
        "sinceDate": "2018-12-09",
        "untilDate": "2018-12-10"
      },
      {
        "insertions": 0,
        "deletions": 0,
        "sinceDate": "2018-12-10",
        "untilDate": "2018-12-11"
      },
      {
        "insertions": 0,
        "deletions": 0,
        "sinceDate": "2018-12-11",
        "untilDate": "2018-12-12"
      },
      {
        "insertions": 0,
        "deletions": 0,
        "sinceDate": "2018-12-12",
        "untilDate": "2018-12-13"
      },
      {
        "insertions": 0,
        "deletions": 0,
        "sinceDate": "2018-12-13",
        "untilDate": "2018-12-14"
      },
      {
        "insertions": 0,
        "deletions": 0,
        "sinceDate": "2018-12-14",
        "untilDate": "2018-12-15"
      },
      {
        "insertions": 0,
        "deletions": 0,
        "sinceDate": "2018-12-15",
        "untilDate": "2018-12-16"
      },
      {
        "insertions": 0,
        "deletions": 0,
        "sinceDate": "2018-12-16",
        "untilDate": "2018-12-17"
      },
      {
        "insertions": 0,
        "deletions": 0,
        "sinceDate": "2018-12-17",
        "untilDate": "2018-12-18"
      },
      {
        "insertions": 0,
        "deletions": 0,
        "sinceDate": "2018-12-18",
        "untilDate": "2018-12-19"
      },
      {
        "insertions": 0,
        "deletions": 0,
        "sinceDate": "2018-12-19",
        "untilDate": "2018-12-20"
      },
      {
        "insertions": 0,
        "deletions": 0,
        "sinceDate": "2018-12-20",
        "untilDate": "2018-12-21"
      },
      {
        "insertions": 0,
        "deletions": 0,
        "sinceDate": "2018-12-21",
        "untilDate": "2018-12-22"
      },
      {
        "insertions": 0,
        "deletions": 0,
        "sinceDate": "2018-12-22",
        "untilDate": "2018-12-23"
      },
      {
        "insertions": 0,
        "deletions": 0,
        "sinceDate": "2018-12-23",
        "untilDate": "2018-12-24"
      },
      {
        "insertions": 0,
        "deletions": 0,
        "sinceDate": "2018-12-24",
        "untilDate": "2018-12-25"
      },
      {
        "insertions": 0,
        "deletions": 0,
        "sinceDate": "2018-12-25",
        "untilDate": "2018-12-26"
      },
      {
        "insertions": 0,
        "deletions": 0,
        "sinceDate": "2018-12-26",
        "untilDate": "2018-12-27"
      },
      {
        "insertions": 0,
        "deletions": 0,
        "sinceDate": "2018-12-27",
        "untilDate": "2018-12-28"
      },
      {
        "insertions": 0,
        "deletions": 0,
        "sinceDate": "2018-12-28",
        "untilDate": "2018-12-29"
      },
      {
        "insertions": 0,
        "deletions": 0,
        "sinceDate": "2018-12-29",
        "untilDate": "2018-12-30"
      },
      {
        "insertions": 0,
        "deletions": 0,
        "sinceDate": "2018-12-30",
        "untilDate": "2018-12-31"
      },
      {
        "insertions": 0,
        "deletions": 0,
        "sinceDate": "2018-12-31",
        "untilDate": "2019-01-01"
      },
      {
        "insertions": 0,
        "deletions": 0,
        "sinceDate": "2019-01-01",
        "untilDate": "2019-01-02"
      },
      {
        "insertions": 0,
        "deletions": 0,
        "sinceDate": "2019-01-02",
        "untilDate": "2019-01-03"
      },
      {
        "insertions": 0,
        "deletions": 0,
        "sinceDate": "2019-01-03",
        "untilDate": "2019-01-04"
      },
      {
        "insertions": 0,
        "deletions": 0,
        "sinceDate": "2019-01-04",
        "untilDate": "2019-01-05"
      },
      {
        "insertions": 0,
        "deletions": 0,
        "sinceDate": "2019-01-05",
        "untilDate": "2019-01-06"
      },
      {
        "insertions": 0,
        "deletions": 0,
        "sinceDate": "2019-01-06",
        "untilDate": "2019-01-07"
      },
      {
        "insertions": 0,
        "deletions": 0,
        "sinceDate": "2019-01-07",
        "untilDate": "2019-01-08"
      },
      {
        "insertions": 0,
        "deletions": 0,
        "sinceDate": "2019-01-08",
        "untilDate": "2019-01-09"
      },
      {
        "insertions": 0,
        "deletions": 0,
        "sinceDate": "2019-01-09",
        "untilDate": "2019-01-10"
      },
      {
        "insertions": 0,
        "deletions": 0,
        "sinceDate": "2019-01-10",
        "untilDate": "2019-01-11"
      },
      {
        "insertions": 0,
        "deletions": 0,
        "sinceDate": "2019-01-11",
        "untilDate": "2019-01-12"
      },
      {
        "insertions": 0,
        "deletions": 0,
        "sinceDate": "2019-01-12",
        "untilDate": "2019-01-13"
      },
      {
        "insertions": 0,
        "deletions": 0,
        "sinceDate": "2019-01-13",
        "untilDate": "2019-01-14"
      },
      {
        "insertions": 0,
        "deletions": 0,
        "sinceDate": "2019-01-14",
        "untilDate": "2019-01-15"
      },
      {
        "insertions": 0,
        "deletions": 0,
        "sinceDate": "2019-01-15",
        "untilDate": "2019-01-16"
      },
      {
        "insertions": 0,
        "deletions": 0,
        "sinceDate": "2019-01-16",
        "untilDate": "2019-01-17"
      },
      {
        "insertions": 0,
        "deletions": 0,
        "sinceDate": "2019-01-17",
        "untilDate": "2019-01-18"
      },
      {
        "insertions": 0,
        "deletions": 0,
        "sinceDate": "2019-01-18",
        "untilDate": "2019-01-19"
      },
      {
        "insertions": 0,
        "deletions": 0,
        "sinceDate": "2019-01-19",
        "untilDate": "2019-01-20"
      },
      {
        "insertions": 0,
        "deletions": 0,
        "sinceDate": "2019-01-20",
        "untilDate": "2019-01-21"
      },
      {
        "insertions": 0,
        "deletions": 0,
        "sinceDate": "2019-01-21",
        "untilDate": "2019-01-22"
      },
      {
        "insertions": 0,
        "deletions": 0,
        "sinceDate": "2019-01-22",
        "untilDate": "2019-01-23"
      },
      {
        "insertions": 0,
        "deletions": 0,
        "sinceDate": "2019-01-23",
        "untilDate": "2019-01-24"
      },
      {
        "insertions": 0,
        "deletions": 0,
        "sinceDate": "2019-01-24",
        "untilDate": "2019-01-25"
      },
      {
        "insertions": 0,
        "deletions": 0,
        "sinceDate": "2019-01-25",
        "untilDate": "2019-01-26"
      },
      {
        "insertions": 0,
        "deletions": 0,
        "sinceDate": "2019-01-26",
        "untilDate": "2019-01-27"
      },
      {
        "insertions": 0,
        "deletions": 0,
        "sinceDate": "2019-01-27",
        "untilDate": "2019-01-28"
      },
      {
        "insertions": 0,
        "deletions": 0,
        "sinceDate": "2019-01-28",
        "untilDate": "2019-01-29"
      },
      {
        "insertions": 0,
        "deletions": 0,
        "sinceDate": "2019-01-29",
        "untilDate": "2019-01-30"
      },
      {
        "insertions": 0,
        "deletions": 0,
        "sinceDate": "2019-01-30",
        "untilDate": "2019-01-31"
      }
    ],
    "fzdy1914": [
      {
        "insertions": 0,
        "deletions": 0,
        "sinceDate": "2018-12-01",
        "untilDate": "2018-12-02"
      },
      {
        "insertions": 0,
        "deletions": 0,
        "sinceDate": "2018-12-02",
        "untilDate": "2018-12-03"
      },
      {
        "insertions": 0,
        "deletions": 0,
        "sinceDate": "2018-12-03",
        "untilDate": "2018-12-04"
      },
      {
        "insertions": 0,
        "deletions": 0,
        "sinceDate": "2018-12-04",
        "untilDate": "2018-12-05"
      },
      {
        "insertions": 0,
        "deletions": 0,
        "sinceDate": "2018-12-05",
        "untilDate": "2018-12-06"
      },
      {
        "insertions": 0,
        "deletions": 0,
        "sinceDate": "2018-12-06",
        "untilDate": "2018-12-07"
      },
      {
        "insertions": 0,
        "deletions": 0,
        "sinceDate": "2018-12-07",
        "untilDate": "2018-12-08"
      },
      {
        "insertions": 0,
        "deletions": 0,
        "sinceDate": "2018-12-08",
        "untilDate": "2018-12-09"
      },
      {
        "insertions": 0,
        "deletions": 0,
        "sinceDate": "2018-12-09",
        "untilDate": "2018-12-10"
      },
      {
        "insertions": 0,
        "deletions": 0,
        "sinceDate": "2018-12-10",
        "untilDate": "2018-12-11"
      },
      {
        "insertions": 0,
        "deletions": 0,
        "sinceDate": "2018-12-11",
        "untilDate": "2018-12-12"
      },
      {
        "insertions": 0,
        "deletions": 0,
        "sinceDate": "2018-12-12",
        "untilDate": "2018-12-13"
      },
      {
        "insertions": 0,
        "deletions": 0,
        "sinceDate": "2018-12-13",
        "untilDate": "2018-12-14"
      },
      {
        "insertions": 0,
        "deletions": 0,
        "sinceDate": "2018-12-14",
        "untilDate": "2018-12-15"
      },
      {
        "insertions": 0,
        "deletions": 0,
        "sinceDate": "2018-12-15",
        "untilDate": "2018-12-16"
      },
      {
        "insertions": 0,
        "deletions": 0,
        "sinceDate": "2018-12-16",
        "untilDate": "2018-12-17"
      },
      {
        "insertions": 0,
        "deletions": 0,
        "sinceDate": "2018-12-17",
        "untilDate": "2018-12-18"
      },
      {
        "insertions": 0,
        "deletions": 0,
        "sinceDate": "2018-12-18",
        "untilDate": "2018-12-19"
      },
      {
        "insertions": 0,
        "deletions": 0,
        "sinceDate": "2018-12-19",
        "untilDate": "2018-12-20"
      },
      {
        "insertions": 3,
        "deletions": 0,
        "sinceDate": "2018-12-20",
        "untilDate": "2018-12-21"
      },
      {
        "insertions": 0,
        "deletions": 0,
        "sinceDate": "2018-12-21",
        "untilDate": "2018-12-22"
      },
      {
        "insertions": 0,
        "deletions": 0,
        "sinceDate": "2018-12-22",
        "untilDate": "2018-12-23"
      },
      {
        "insertions": 1,
        "deletions": 0,
        "sinceDate": "2018-12-23",
        "untilDate": "2018-12-24"
      },
      {
        "insertions": 0,
        "deletions": 0,
        "sinceDate": "2018-12-24",
        "untilDate": "2018-12-25"
      },
      {
        "insertions": 0,
        "deletions": 0,
        "sinceDate": "2018-12-25",
        "untilDate": "2018-12-26"
      },
      {
        "insertions": 0,
        "deletions": 0,
        "sinceDate": "2018-12-26",
        "untilDate": "2018-12-27"
      },
      {
        "insertions": 0,
        "deletions": 0,
        "sinceDate": "2018-12-27",
        "untilDate": "2018-12-28"
      },
      {
        "insertions": 0,
        "deletions": 0,
        "sinceDate": "2018-12-28",
        "untilDate": "2018-12-29"
      },
      {
        "insertions": 0,
        "deletions": 0,
        "sinceDate": "2018-12-29",
        "untilDate": "2018-12-30"
      },
      {
        "insertions": 0,
        "deletions": 0,
        "sinceDate": "2018-12-30",
        "untilDate": "2018-12-31"
      },
      {
        "insertions": 0,
        "deletions": 0,
        "sinceDate": "2018-12-31",
        "untilDate": "2019-01-01"
      },
      {
        "insertions": 0,
        "deletions": 0,
        "sinceDate": "2019-01-01",
        "untilDate": "2019-01-02"
      },
      {
        "insertions": 0,
        "deletions": 0,
        "sinceDate": "2019-01-02",
        "untilDate": "2019-01-03"
      },
      {
        "insertions": 0,
        "deletions": 0,
        "sinceDate": "2019-01-03",
        "untilDate": "2019-01-04"
      },
      {
        "insertions": 0,
        "deletions": 0,
        "sinceDate": "2019-01-04",
        "untilDate": "2019-01-05"
      },
      {
        "insertions": 0,
        "deletions": 0,
        "sinceDate": "2019-01-05",
        "untilDate": "2019-01-06"
      },
      {
        "insertions": 0,
        "deletions": 0,
        "sinceDate": "2019-01-06",
        "untilDate": "2019-01-07"
      },
      {
        "insertions": 103,
        "deletions": 9,
        "sinceDate": "2019-01-07",
        "untilDate": "2019-01-08"
      },
      {
        "insertions": 0,
        "deletions": 0,
        "sinceDate": "2019-01-08",
        "untilDate": "2019-01-09"
      },
      {
        "insertions": 0,
        "deletions": 0,
        "sinceDate": "2019-01-09",
        "untilDate": "2019-01-10"
      },
      {
        "insertions": 0,
        "deletions": 0,
        "sinceDate": "2019-01-10",
        "untilDate": "2019-01-11"
      },
      {
        "insertions": 0,
        "deletions": 0,
        "sinceDate": "2019-01-11",
        "untilDate": "2019-01-12"
      },
      {
        "insertions": 0,
        "deletions": 0,
        "sinceDate": "2019-01-12",
        "untilDate": "2019-01-13"
      },
      {
        "insertions": 0,
        "deletions": 0,
        "sinceDate": "2019-01-13",
        "untilDate": "2019-01-14"
      },
      {
        "insertions": 0,
        "deletions": 0,
        "sinceDate": "2019-01-14",
        "untilDate": "2019-01-15"
      },
      {
        "insertions": 0,
        "deletions": 0,
        "sinceDate": "2019-01-15",
        "untilDate": "2019-01-16"
      },
      {
        "insertions": 0,
        "deletions": 0,
        "sinceDate": "2019-01-16",
        "untilDate": "2019-01-17"
      },
      {
        "insertions": 0,
        "deletions": 0,
        "sinceDate": "2019-01-17",
        "untilDate": "2019-01-18"
      },
      {
        "insertions": 0,
        "deletions": 0,
        "sinceDate": "2019-01-18",
        "untilDate": "2019-01-19"
      },
      {
        "insertions": 172,
        "deletions": 28,
        "sinceDate": "2019-01-19",
        "untilDate": "2019-01-20"
      },
      {
        "insertions": 0,
        "deletions": 0,
        "sinceDate": "2019-01-20",
        "untilDate": "2019-01-21"
      },
      {
        "insertions": 0,
        "deletions": 0,
        "sinceDate": "2019-01-21",
        "untilDate": "2019-01-22"
      },
      {
        "insertions": 0,
        "deletions": 0,
        "sinceDate": "2019-01-22",
        "untilDate": "2019-01-23"
      },
      {
        "insertions": 0,
        "deletions": 0,
        "sinceDate": "2019-01-23",
        "untilDate": "2019-01-24"
      },
      {
        "insertions": 10,
        "deletions": 1,
        "sinceDate": "2019-01-24",
        "untilDate": "2019-01-25"
      },
      {
        "insertions": 0,
        "deletions": 0,
        "sinceDate": "2019-01-25",
        "untilDate": "2019-01-26"
      },
      {
        "insertions": 0,
        "deletions": 0,
        "sinceDate": "2019-01-26",
        "untilDate": "2019-01-27"
      },
      {
        "insertions": 0,
        "deletions": 0,
        "sinceDate": "2019-01-27",
        "untilDate": "2019-01-28"
      },
      {
        "insertions": 0,
        "deletions": 0,
        "sinceDate": "2019-01-28",
        "untilDate": "2019-01-29"
      },
      {
        "insertions": 0,
        "deletions": 0,
        "sinceDate": "2019-01-29",
        "untilDate": "2019-01-30"
      },
      {
        "insertions": 0,
        "deletions": 0,
        "sinceDate": "2019-01-30",
        "untilDate": "2019-01-31"
      }
    ],
    "chelseyong": [
      {
        "insertions": 0,
        "deletions": 0,
        "sinceDate": "2018-12-01",
        "untilDate": "2018-12-02"
      },
      {
        "insertions": 0,
        "deletions": 0,
        "sinceDate": "2018-12-02",
        "untilDate": "2018-12-03"
      },
      {
        "insertions": 0,
        "deletions": 0,
        "sinceDate": "2018-12-03",
        "untilDate": "2018-12-04"
      },
      {
        "insertions": 0,
        "deletions": 0,
        "sinceDate": "2018-12-04",
        "untilDate": "2018-12-05"
      },
      {
        "insertions": 0,
        "deletions": 0,
        "sinceDate": "2018-12-05",
        "untilDate": "2018-12-06"
      },
      {
        "insertions": 0,
        "deletions": 0,
        "sinceDate": "2018-12-06",
        "untilDate": "2018-12-07"
      },
      {
        "insertions": 0,
        "deletions": 0,
        "sinceDate": "2018-12-07",
        "untilDate": "2018-12-08"
      },
      {
        "insertions": 0,
        "deletions": 0,
        "sinceDate": "2018-12-08",
        "untilDate": "2018-12-09"
      },
      {
        "insertions": 0,
        "deletions": 0,
        "sinceDate": "2018-12-09",
        "untilDate": "2018-12-10"
      },
      {
        "insertions": 0,
        "deletions": 0,
        "sinceDate": "2018-12-10",
        "untilDate": "2018-12-11"
      },
      {
        "insertions": 0,
        "deletions": 0,
        "sinceDate": "2018-12-11",
        "untilDate": "2018-12-12"
      },
      {
        "insertions": 0,
        "deletions": 0,
        "sinceDate": "2018-12-12",
        "untilDate": "2018-12-13"
      },
      {
        "insertions": 0,
        "deletions": 0,
        "sinceDate": "2018-12-13",
        "untilDate": "2018-12-14"
      },
      {
        "insertions": 0,
        "deletions": 0,
        "sinceDate": "2018-12-14",
        "untilDate": "2018-12-15"
      },
      {
        "insertions": 0,
        "deletions": 0,
        "sinceDate": "2018-12-15",
        "untilDate": "2018-12-16"
      },
      {
        "insertions": 0,
        "deletions": 0,
        "sinceDate": "2018-12-16",
        "untilDate": "2018-12-17"
      },
      {
        "insertions": 0,
        "deletions": 0,
        "sinceDate": "2018-12-17",
        "untilDate": "2018-12-18"
      },
      {
        "insertions": 0,
        "deletions": 0,
        "sinceDate": "2018-12-18",
        "untilDate": "2018-12-19"
      },
      {
        "insertions": 0,
        "deletions": 0,
        "sinceDate": "2018-12-19",
        "untilDate": "2018-12-20"
      },
      {
        "insertions": 0,
        "deletions": 0,
        "sinceDate": "2018-12-20",
        "untilDate": "2018-12-21"
      },
      {
        "insertions": 0,
        "deletions": 0,
        "sinceDate": "2018-12-21",
        "untilDate": "2018-12-22"
      },
      {
        "insertions": 0,
        "deletions": 0,
        "sinceDate": "2018-12-22",
        "untilDate": "2018-12-23"
      },
      {
        "insertions": 0,
        "deletions": 0,
        "sinceDate": "2018-12-23",
        "untilDate": "2018-12-24"
      },
      {
        "insertions": 0,
        "deletions": 0,
        "sinceDate": "2018-12-24",
        "untilDate": "2018-12-25"
      },
      {
        "insertions": 0,
        "deletions": 0,
        "sinceDate": "2018-12-25",
        "untilDate": "2018-12-26"
      },
      {
        "insertions": 0,
        "deletions": 0,
        "sinceDate": "2018-12-26",
        "untilDate": "2018-12-27"
      },
      {
        "insertions": 0,
        "deletions": 0,
        "sinceDate": "2018-12-27",
        "untilDate": "2018-12-28"
      },
      {
        "insertions": 0,
        "deletions": 0,
        "sinceDate": "2018-12-28",
        "untilDate": "2018-12-29"
      },
      {
        "insertions": 0,
        "deletions": 0,
        "sinceDate": "2018-12-29",
        "untilDate": "2018-12-30"
      },
      {
        "insertions": 0,
        "deletions": 0,
        "sinceDate": "2018-12-30",
        "untilDate": "2018-12-31"
      },
      {
        "insertions": 0,
        "deletions": 0,
        "sinceDate": "2018-12-31",
        "untilDate": "2019-01-01"
      },
      {
        "insertions": 0,
        "deletions": 0,
        "sinceDate": "2019-01-01",
        "untilDate": "2019-01-02"
      },
      {
        "insertions": 0,
        "deletions": 0,
        "sinceDate": "2019-01-02",
        "untilDate": "2019-01-03"
      },
      {
        "insertions": 0,
        "deletions": 0,
        "sinceDate": "2019-01-03",
        "untilDate": "2019-01-04"
      },
      {
        "insertions": 0,
        "deletions": 0,
        "sinceDate": "2019-01-04",
        "untilDate": "2019-01-05"
      },
      {
        "insertions": 0,
        "deletions": 0,
        "sinceDate": "2019-01-05",
        "untilDate": "2019-01-06"
      },
      {
        "insertions": 0,
        "deletions": 0,
        "sinceDate": "2019-01-06",
        "untilDate": "2019-01-07"
      },
      {
        "insertions": 0,
        "deletions": 0,
        "sinceDate": "2019-01-07",
        "untilDate": "2019-01-08"
      },
      {
        "insertions": 0,
        "deletions": 0,
        "sinceDate": "2019-01-08",
        "untilDate": "2019-01-09"
      },
      {
        "insertions": 0,
        "deletions": 0,
        "sinceDate": "2019-01-09",
        "untilDate": "2019-01-10"
      },
      {
        "insertions": 0,
        "deletions": 0,
        "sinceDate": "2019-01-10",
        "untilDate": "2019-01-11"
      },
      {
        "insertions": 0,
        "deletions": 0,
        "sinceDate": "2019-01-11",
        "untilDate": "2019-01-12"
      },
      {
        "insertions": 38,
        "deletions": 0,
        "sinceDate": "2019-01-12",
        "untilDate": "2019-01-13"
      },
      {
        "insertions": 0,
        "deletions": 0,
        "sinceDate": "2019-01-13",
        "untilDate": "2019-01-14"
      },
      {
        "insertions": 0,
        "deletions": 0,
        "sinceDate": "2019-01-14",
        "untilDate": "2019-01-15"
      },
      {
        "insertions": 0,
        "deletions": 0,
        "sinceDate": "2019-01-15",
        "untilDate": "2019-01-16"
      },
      {
        "insertions": 0,
        "deletions": 0,
        "sinceDate": "2019-01-16",
        "untilDate": "2019-01-17"
      },
      {
        "insertions": 0,
        "deletions": 0,
        "sinceDate": "2019-01-17",
        "untilDate": "2019-01-18"
      },
      {
        "insertions": 0,
        "deletions": 0,
        "sinceDate": "2019-01-18",
        "untilDate": "2019-01-19"
      },
      {
        "insertions": 0,
        "deletions": 0,
        "sinceDate": "2019-01-19",
        "untilDate": "2019-01-20"
      },
      {
        "insertions": 0,
        "deletions": 0,
        "sinceDate": "2019-01-20",
        "untilDate": "2019-01-21"
      },
      {
        "insertions": 0,
        "deletions": 0,
        "sinceDate": "2019-01-21",
        "untilDate": "2019-01-22"
      },
      {
        "insertions": 0,
        "deletions": 0,
        "sinceDate": "2019-01-22",
        "untilDate": "2019-01-23"
      },
      {
        "insertions": 0,
        "deletions": 0,
        "sinceDate": "2019-01-23",
        "untilDate": "2019-01-24"
      },
      {
        "insertions": 0,
        "deletions": 0,
        "sinceDate": "2019-01-24",
        "untilDate": "2019-01-25"
      },
      {
        "insertions": 0,
        "deletions": 0,
        "sinceDate": "2019-01-25",
        "untilDate": "2019-01-26"
      },
      {
        "insertions": 0,
        "deletions": 0,
        "sinceDate": "2019-01-26",
        "untilDate": "2019-01-27"
      },
      {
        "insertions": 4,
        "deletions": 1,
        "sinceDate": "2019-01-27",
        "untilDate": "2019-01-28"
      },
      {
        "insertions": 0,
        "deletions": 0,
        "sinceDate": "2019-01-28",
        "untilDate": "2019-01-29"
      },
      {
        "insertions": 0,
        "deletions": 0,
        "sinceDate": "2019-01-29",
        "untilDate": "2019-01-30"
      },
      {
        "insertions": 0,
        "deletions": 0,
        "sinceDate": "2019-01-30",
        "untilDate": "2019-01-31"
      }
    ]
  },
  "authorFinalContributionMap": {
    "emer7": 82,
    "ongspxm": 0,
    "fzdy1914": 266,
    "chelseyong": 37
  },
  "authorContributionVariance": {
    "emer7": 71.59365,
    "ongspxm": 0.0,
    "fzdy1914": 834.78815,
    "chelseyong": 23.58507
  },
  "authorDisplayNameMap": {
    "emer7": "GILBERT",
    "ongspxm": "SHU PENG",
    "fzdy1914": "WANG CHAO",
    "chelseyong": "CHELSEY"
  }
}
