{
  "authorWeeklyIntervalContributions": {
    "Xenonym": [
      {
        "insertions": 0,
        "deletions": 0,
        "sinceDate": "2018-12-01",
        "untilDate": "2018-12-08"
      },
      {
        "insertions": 91,
        "deletions": 0,
        "sinceDate": "2018-12-08",
        "untilDate": "2018-12-15"
      },
      {
        "insertions": 54,
        "deletions": 22,
        "sinceDate": "2018-12-15",
        "untilDate": "2018-12-22"
      },
      {
        "insertions": 0,
        "deletions": 0,
        "sinceDate": "2018-12-22",
        "untilDate": "2018-12-29"
      },
      {
        "insertions": 186,
        "deletions": 2,
        "sinceDate": "2018-12-29",
        "untilDate": "2019-01-05"
      },
      {
        "insertions": 108,
        "deletions": 12,
        "sinceDate": "2019-01-05",
        "untilDate": "2019-01-12"
      },
      {
        "insertions": 0,
        "deletions": 0,
        "sinceDate": "2019-01-12",
        "untilDate": "2019-01-19"
      },
      {
        "insertions": 267,
        "deletions": 84,
        "sinceDate": "2019-01-19",
        "untilDate": "2019-01-26"
      },
      {
        "insertions": 22,
        "deletions": 11,
        "sinceDate": "2019-01-26",
        "untilDate": "2019-02-02"
      },
      {
        "insertions": 1,
        "deletions": 1,
        "sinceDate": "2019-02-02",
        "untilDate": "2019-02-09"
      }
    ],
    "marvinchin": [
      {
        "insertions": 0,
        "deletions": 0,
        "sinceDate": "2018-12-01",
        "untilDate": "2018-12-08"
      },
      {
        "insertions": 0,
        "deletions": 0,
        "sinceDate": "2018-12-08",
        "untilDate": "2018-12-15"
      },
      {
        "insertions": 0,
        "deletions": 0,
        "sinceDate": "2018-12-15",
        "untilDate": "2018-12-22"
      },
      {
        "insertions": 0,
        "deletions": 0,
        "sinceDate": "2018-12-22",
        "untilDate": "2018-12-29"
      },
      {
        "insertions": 0,
        "deletions": 0,
        "sinceDate": "2018-12-29",
        "untilDate": "2019-01-05"
      },
      {
        "insertions": 0,
        "deletions": 0,
        "sinceDate": "2019-01-05",
        "untilDate": "2019-01-12"
      },
      {
        "insertions": 2,
        "deletions": 0,
        "sinceDate": "2019-01-12",
        "untilDate": "2019-01-19"
      },
      {
        "insertions": 129,
        "deletions": 7,
        "sinceDate": "2019-01-19",
        "untilDate": "2019-01-26"
      },
      {
        "insertions": 105,
        "deletions": 2,
        "sinceDate": "2019-01-26",
        "untilDate": "2019-02-02"
      },
      {
        "insertions": 37,
        "deletions": 18,
        "sinceDate": "2019-02-02",
        "untilDate": "2019-02-09"
      }
    ],
    "sijie123": [
      {
        "insertions": 0,
        "deletions": 0,
        "sinceDate": "2018-12-01",
        "untilDate": "2018-12-08"
      },
      {
        "insertions": 0,
        "deletions": 0,
        "sinceDate": "2018-12-08",
        "untilDate": "2018-12-15"
      },
      {
        "insertions": 0,
        "deletions": 0,
        "sinceDate": "2018-12-15",
        "untilDate": "2018-12-22"
      },
      {
        "insertions": 0,
        "deletions": 0,
        "sinceDate": "2018-12-22",
        "untilDate": "2018-12-29"
      },
      {
        "insertions": 0,
        "deletions": 0,
        "sinceDate": "2018-12-29",
        "untilDate": "2019-01-05"
      },
      {
        "insertions": 0,
        "deletions": 0,
        "sinceDate": "2019-01-05",
        "untilDate": "2019-01-12"
      },
      {
        "insertions": 0,
        "deletions": 0,
        "sinceDate": "2019-01-12",
        "untilDate": "2019-01-19"
      },
      {
        "insertions": 0,
        "deletions": 0,
        "sinceDate": "2019-01-19",
        "untilDate": "2019-01-26"
      },
      {
        "insertions": 0,
        "deletions": 0,
        "sinceDate": "2019-01-26",
        "untilDate": "2019-02-02"
      },
      {
        "insertions": 0,
        "deletions": 0,
        "sinceDate": "2019-02-02",
        "untilDate": "2019-02-09"
      }
    ],
    "luyangkenneth": [
      {
        "insertions": 0,
        "deletions": 0,
        "sinceDate": "2018-12-01",
        "untilDate": "2018-12-08"
      },
      {
        "insertions": 0,
        "deletions": 0,
        "sinceDate": "2018-12-08",
        "untilDate": "2018-12-15"
      },
      {
        "insertions": 0,
        "deletions": 0,
        "sinceDate": "2018-12-15",
        "untilDate": "2018-12-22"
      },
      {
        "insertions": 0,
        "deletions": 0,
        "sinceDate": "2018-12-22",
        "untilDate": "2018-12-29"
      },
      {
        "insertions": 0,
        "deletions": 0,
        "sinceDate": "2018-12-29",
        "untilDate": "2019-01-05"
      },
      {
        "insertions": 0,
        "deletions": 0,
        "sinceDate": "2019-01-05",
        "untilDate": "2019-01-12"
      },
      {
        "insertions": 0,
        "deletions": 0,
        "sinceDate": "2019-01-12",
        "untilDate": "2019-01-19"
      },
      {
        "insertions": 40,
        "deletions": 17,
        "sinceDate": "2019-01-19",
        "untilDate": "2019-01-26"
      },
      {
        "insertions": 0,
        "deletions": 0,
        "sinceDate": "2019-01-26",
        "untilDate": "2019-02-02"
      },
      {
        "insertions": 1,
        "deletions": 5,
        "sinceDate": "2019-02-02",
        "untilDate": "2019-02-09"
      }
    ],
    "amad-person": [
      {
        "insertions": 0,
        "deletions": 0,
        "sinceDate": "2018-12-01",
        "untilDate": "2018-12-08"
      },
      {
        "insertions": 0,
        "deletions": 0,
        "sinceDate": "2018-12-08",
        "untilDate": "2018-12-15"
      },
      {
        "insertions": 0,
        "deletions": 0,
        "sinceDate": "2018-12-15",
        "untilDate": "2018-12-22"
      },
      {
        "insertions": 0,
        "deletions": 0,
        "sinceDate": "2018-12-22",
        "untilDate": "2018-12-29"
      },
      {
        "insertions": 2,
        "deletions": 1,
        "sinceDate": "2018-12-29",
        "untilDate": "2019-01-05"
      },
      {
        "insertions": 8,
        "deletions": 82,
        "sinceDate": "2019-01-05",
        "untilDate": "2019-01-12"
      },
      {
        "insertions": 13,
        "deletions": 2,
        "sinceDate": "2019-01-12",
        "untilDate": "2019-01-19"
      },
      {
        "insertions": 1,
        "deletions": 1,
        "sinceDate": "2019-01-19",
        "untilDate": "2019-01-26"
      },
      {
        "insertions": 0,
        "deletions": 0,
        "sinceDate": "2019-01-26",
        "untilDate": "2019-02-02"
      },
      {
        "insertions": 0,
        "deletions": 0,
        "sinceDate": "2019-02-02",
        "untilDate": "2019-02-09"
      }
    ]
  },
  "authorDailyIntervalContributions": {
    "Xenonym": [
      {
        "insertions": 0,
        "deletions": 0,
        "sinceDate": "2018-12-01",
        "untilDate": "2018-12-02"
      },
      {
        "insertions": 0,
        "deletions": 0,
        "sinceDate": "2018-12-02",
        "untilDate": "2018-12-03"
      },
      {
        "insertions": 0,
        "deletions": 0,
        "sinceDate": "2018-12-03",
        "untilDate": "2018-12-04"
      },
      {
        "insertions": 0,
        "deletions": 0,
        "sinceDate": "2018-12-04",
        "untilDate": "2018-12-05"
      },
      {
        "insertions": 0,
        "deletions": 0,
        "sinceDate": "2018-12-05",
        "untilDate": "2018-12-06"
      },
      {
        "insertions": 0,
        "deletions": 0,
        "sinceDate": "2018-12-06",
        "untilDate": "2018-12-07"
      },
      {
        "insertions": 0,
        "deletions": 0,
        "sinceDate": "2018-12-07",
        "untilDate": "2018-12-08"
      },
      {
        "insertions": 0,
        "deletions": 0,
        "sinceDate": "2018-12-08",
        "untilDate": "2018-12-09"
      },
      {
        "insertions": 0,
        "deletions": 0,
        "sinceDate": "2018-12-09",
        "untilDate": "2018-12-10"
      },
      {
        "insertions": 0,
        "deletions": 0,
        "sinceDate": "2018-12-10",
        "untilDate": "2018-12-11"
      },
      {
        "insertions": 0,
        "deletions": 0,
        "sinceDate": "2018-12-11",
        "untilDate": "2018-12-12"
      },
      {
        "insertions": 0,
        "deletions": 0,
        "sinceDate": "2018-12-12",
        "untilDate": "2018-12-13"
      },
      {
        "insertions": 0,
        "deletions": 0,
        "sinceDate": "2018-12-13",
        "untilDate": "2018-12-14"
      },
      {
        "insertions": 91,
        "deletions": 0,
        "sinceDate": "2018-12-14",
        "untilDate": "2018-12-15"
      },
      {
        "insertions": 0,
        "deletions": 0,
        "sinceDate": "2018-12-15",
        "untilDate": "2018-12-16"
      },
      {
        "insertions": 0,
        "deletions": 0,
        "sinceDate": "2018-12-16",
        "untilDate": "2018-12-17"
      },
      {
        "insertions": 11,
        "deletions": 12,
        "sinceDate": "2018-12-17",
        "untilDate": "2018-12-18"
      },
      {
        "insertions": 0,
        "deletions": 0,
        "sinceDate": "2018-12-18",
        "untilDate": "2018-12-19"
      },
      {
        "insertions": 0,
        "deletions": 0,
        "sinceDate": "2018-12-19",
        "untilDate": "2018-12-20"
      },
      {
        "insertions": 0,
        "deletions": 0,
        "sinceDate": "2018-12-20",
        "untilDate": "2018-12-21"
      },
      {
        "insertions": 43,
        "deletions": 10,
        "sinceDate": "2018-12-21",
        "untilDate": "2018-12-22"
      },
      {
        "insertions": 0,
        "deletions": 0,
        "sinceDate": "2018-12-22",
        "untilDate": "2018-12-23"
      },
      {
        "insertions": 0,
        "deletions": 0,
        "sinceDate": "2018-12-23",
        "untilDate": "2018-12-24"
      },
      {
        "insertions": 0,
        "deletions": 0,
        "sinceDate": "2018-12-24",
        "untilDate": "2018-12-25"
      },
      {
        "insertions": 0,
        "deletions": 0,
        "sinceDate": "2018-12-25",
        "untilDate": "2018-12-26"
      },
      {
        "insertions": 0,
        "deletions": 0,
        "sinceDate": "2018-12-26",
        "untilDate": "2018-12-27"
      },
      {
        "insertions": 0,
        "deletions": 0,
        "sinceDate": "2018-12-27",
        "untilDate": "2018-12-28"
      },
      {
        "insertions": 0,
        "deletions": 0,
        "sinceDate": "2018-12-28",
        "untilDate": "2018-12-29"
      },
      {
        "insertions": 0,
        "deletions": 0,
        "sinceDate": "2018-12-29",
        "untilDate": "2018-12-30"
      },
      {
        "insertions": 0,
        "deletions": 0,
        "sinceDate": "2018-12-30",
        "untilDate": "2018-12-31"
      },
      {
        "insertions": 0,
        "deletions": 0,
        "sinceDate": "2018-12-31",
        "untilDate": "2019-01-01"
      },
      {
        "insertions": 0,
        "deletions": 0,
        "sinceDate": "2019-01-01",
        "untilDate": "2019-01-02"
      },
      {
        "insertions": 0,
        "deletions": 0,
        "sinceDate": "2019-01-02",
        "untilDate": "2019-01-03"
      },
      {
        "insertions": 186,
        "deletions": 2,
        "sinceDate": "2019-01-03",
        "untilDate": "2019-01-04"
      },
      {
        "insertions": 0,
        "deletions": 0,
        "sinceDate": "2019-01-04",
        "untilDate": "2019-01-05"
      },
      {
        "insertions": 15,
        "deletions": 1,
        "sinceDate": "2019-01-05",
        "untilDate": "2019-01-06"
      },
      {
        "insertions": 14,
        "deletions": 7,
        "sinceDate": "2019-01-06",
        "untilDate": "2019-01-07"
      },
      {
        "insertions": 0,
        "deletions": 0,
        "sinceDate": "2019-01-07",
        "untilDate": "2019-01-08"
      },
      {
        "insertions": 16,
        "deletions": 0,
        "sinceDate": "2019-01-08",
        "untilDate": "2019-01-09"
      },
      {
        "insertions": 57,
        "deletions": 0,
        "sinceDate": "2019-01-09",
        "untilDate": "2019-01-10"
      },
      {
        "insertions": 6,
        "deletions": 4,
        "sinceDate": "2019-01-10",
        "untilDate": "2019-01-11"
      },
      {
        "insertions": 0,
        "deletions": 0,
        "sinceDate": "2019-01-11",
        "untilDate": "2019-01-12"
      },
      {
        "insertions": 0,
        "deletions": 0,
        "sinceDate": "2019-01-12",
        "untilDate": "2019-01-13"
      },
      {
        "insertions": 0,
        "deletions": 0,
        "sinceDate": "2019-01-13",
        "untilDate": "2019-01-14"
      },
      {
        "insertions": 0,
        "deletions": 0,
        "sinceDate": "2019-01-14",
        "untilDate": "2019-01-15"
      },
      {
        "insertions": 0,
        "deletions": 0,
        "sinceDate": "2019-01-15",
        "untilDate": "2019-01-16"
      },
      {
        "insertions": 0,
        "deletions": 0,
        "sinceDate": "2019-01-16",
        "untilDate": "2019-01-17"
      },
      {
        "insertions": 0,
        "deletions": 0,
        "sinceDate": "2019-01-17",
        "untilDate": "2019-01-18"
      },
      {
        "insertions": 0,
        "deletions": 0,
        "sinceDate": "2019-01-18",
        "untilDate": "2019-01-19"
      },
      {
        "insertions": 35,
        "deletions": 4,
        "sinceDate": "2019-01-19",
        "untilDate": "2019-01-20"
      },
      {
        "insertions": 89,
        "deletions": 41,
        "sinceDate": "2019-01-20",
        "untilDate": "2019-01-21"
      },
      {
        "insertions": 32,
        "deletions": 10,
        "sinceDate": "2019-01-21",
        "untilDate": "2019-01-22"
      },
      {
        "insertions": 0,
        "deletions": 0,
        "sinceDate": "2019-01-22",
        "untilDate": "2019-01-23"
      },
      {
        "insertions": 111,
        "deletions": 29,
        "sinceDate": "2019-01-23",
        "untilDate": "2019-01-24"
      },
      {
        "insertions": 0,
        "deletions": 0,
        "sinceDate": "2019-01-24",
        "untilDate": "2019-01-25"
      },
      {
        "insertions": 0,
        "deletions": 0,
        "sinceDate": "2019-01-25",
        "untilDate": "2019-01-26"
      },
      {
        "insertions": 0,
        "deletions": 0,
        "sinceDate": "2019-01-26",
        "untilDate": "2019-01-27"
      },
      {
        "insertions": 0,
        "deletions": 0,
        "sinceDate": "2019-01-27",
        "untilDate": "2019-01-28"
      },
      {
        "insertions": 0,
        "deletions": 0,
        "sinceDate": "2019-01-28",
        "untilDate": "2019-01-29"
      },
      {
        "insertions": 0,
        "deletions": 0,
        "sinceDate": "2019-01-29",
        "untilDate": "2019-01-30"
      },
      {
        "insertions": 0,
        "deletions": 0,
        "sinceDate": "2019-01-30",
        "untilDate": "2019-01-31"
      },
      {
        "insertions": 22,
        "deletions": 11,
        "sinceDate": "2019-01-31",
        "untilDate": "2019-02-01"
      },
      {
        "insertions": 0,
        "deletions": 0,
        "sinceDate": "2019-02-01",
        "untilDate": "2019-02-02"
      },
      {
        "insertions": 1,
        "deletions": 1,
        "sinceDate": "2019-02-02",
        "untilDate": "2019-02-03"
      },
      {
        "insertions": 0,
        "deletions": 0,
        "sinceDate": "2019-02-03",
        "untilDate": "2019-02-04"
      },
      {
        "insertions": 0,
        "deletions": 0,
        "sinceDate": "2019-02-04",
        "untilDate": "2019-02-05"
      }
    ],
    "marvinchin": [
      {
        "insertions": 0,
        "deletions": 0,
        "sinceDate": "2018-12-01",
        "untilDate": "2018-12-02"
      },
      {
        "insertions": 0,
        "deletions": 0,
        "sinceDate": "2018-12-02",
        "untilDate": "2018-12-03"
      },
      {
        "insertions": 0,
        "deletions": 0,
        "sinceDate": "2018-12-03",
        "untilDate": "2018-12-04"
      },
      {
        "insertions": 0,
        "deletions": 0,
        "sinceDate": "2018-12-04",
        "untilDate": "2018-12-05"
      },
      {
        "insertions": 0,
        "deletions": 0,
        "sinceDate": "2018-12-05",
        "untilDate": "2018-12-06"
      },
      {
        "insertions": 0,
        "deletions": 0,
        "sinceDate": "2018-12-06",
        "untilDate": "2018-12-07"
      },
      {
        "insertions": 0,
        "deletions": 0,
        "sinceDate": "2018-12-07",
        "untilDate": "2018-12-08"
      },
      {
        "insertions": 0,
        "deletions": 0,
        "sinceDate": "2018-12-08",
        "untilDate": "2018-12-09"
      },
      {
        "insertions": 0,
        "deletions": 0,
        "sinceDate": "2018-12-09",
        "untilDate": "2018-12-10"
      },
      {
        "insertions": 0,
        "deletions": 0,
        "sinceDate": "2018-12-10",
        "untilDate": "2018-12-11"
      },
      {
        "insertions": 0,
        "deletions": 0,
        "sinceDate": "2018-12-11",
        "untilDate": "2018-12-12"
      },
      {
        "insertions": 0,
        "deletions": 0,
        "sinceDate": "2018-12-12",
        "untilDate": "2018-12-13"
      },
      {
        "insertions": 0,
        "deletions": 0,
        "sinceDate": "2018-12-13",
        "untilDate": "2018-12-14"
      },
      {
        "insertions": 0,
        "deletions": 0,
        "sinceDate": "2018-12-14",
        "untilDate": "2018-12-15"
      },
      {
        "insertions": 0,
        "deletions": 0,
        "sinceDate": "2018-12-15",
        "untilDate": "2018-12-16"
      },
      {
        "insertions": 0,
        "deletions": 0,
        "sinceDate": "2018-12-16",
        "untilDate": "2018-12-17"
      },
      {
        "insertions": 0,
        "deletions": 0,
        "sinceDate": "2018-12-17",
        "untilDate": "2018-12-18"
      },
      {
        "insertions": 0,
        "deletions": 0,
        "sinceDate": "2018-12-18",
        "untilDate": "2018-12-19"
      },
      {
        "insertions": 0,
        "deletions": 0,
        "sinceDate": "2018-12-19",
        "untilDate": "2018-12-20"
      },
      {
        "insertions": 0,
        "deletions": 0,
        "sinceDate": "2018-12-20",
        "untilDate": "2018-12-21"
      },
      {
        "insertions": 0,
        "deletions": 0,
        "sinceDate": "2018-12-21",
        "untilDate": "2018-12-22"
      },
      {
        "insertions": 0,
        "deletions": 0,
        "sinceDate": "2018-12-22",
        "untilDate": "2018-12-23"
      },
      {
        "insertions": 0,
        "deletions": 0,
        "sinceDate": "2018-12-23",
        "untilDate": "2018-12-24"
      },
      {
        "insertions": 0,
        "deletions": 0,
        "sinceDate": "2018-12-24",
        "untilDate": "2018-12-25"
      },
      {
        "insertions": 0,
        "deletions": 0,
        "sinceDate": "2018-12-25",
        "untilDate": "2018-12-26"
      },
      {
        "insertions": 0,
        "deletions": 0,
        "sinceDate": "2018-12-26",
        "untilDate": "2018-12-27"
      },
      {
        "insertions": 0,
        "deletions": 0,
        "sinceDate": "2018-12-27",
        "untilDate": "2018-12-28"
      },
      {
        "insertions": 0,
        "deletions": 0,
        "sinceDate": "2018-12-28",
        "untilDate": "2018-12-29"
      },
      {
        "insertions": 0,
        "deletions": 0,
        "sinceDate": "2018-12-29",
        "untilDate": "2018-12-30"
      },
      {
        "insertions": 0,
        "deletions": 0,
        "sinceDate": "2018-12-30",
        "untilDate": "2018-12-31"
      },
      {
        "insertions": 0,
        "deletions": 0,
        "sinceDate": "2018-12-31",
        "untilDate": "2019-01-01"
      },
      {
        "insertions": 0,
        "deletions": 0,
        "sinceDate": "2019-01-01",
        "untilDate": "2019-01-02"
      },
      {
        "insertions": 0,
        "deletions": 0,
        "sinceDate": "2019-01-02",
        "untilDate": "2019-01-03"
      },
      {
        "insertions": 0,
        "deletions": 0,
        "sinceDate": "2019-01-03",
        "untilDate": "2019-01-04"
      },
      {
        "insertions": 0,
        "deletions": 0,
        "sinceDate": "2019-01-04",
        "untilDate": "2019-01-05"
      },
      {
        "insertions": 0,
        "deletions": 0,
        "sinceDate": "2019-01-05",
        "untilDate": "2019-01-06"
      },
      {
        "insertions": 0,
        "deletions": 0,
        "sinceDate": "2019-01-06",
        "untilDate": "2019-01-07"
      },
      {
        "insertions": 0,
        "deletions": 0,
        "sinceDate": "2019-01-07",
        "untilDate": "2019-01-08"
      },
      {
        "insertions": 0,
        "deletions": 0,
        "sinceDate": "2019-01-08",
        "untilDate": "2019-01-09"
      },
      {
        "insertions": 0,
        "deletions": 0,
        "sinceDate": "2019-01-09",
        "untilDate": "2019-01-10"
      },
      {
        "insertions": 0,
        "deletions": 0,
        "sinceDate": "2019-01-10",
        "untilDate": "2019-01-11"
      },
      {
        "insertions": 0,
        "deletions": 0,
        "sinceDate": "2019-01-11",
        "untilDate": "2019-01-12"
      },
      {
        "insertions": 0,
        "deletions": 0,
        "sinceDate": "2019-01-12",
        "untilDate": "2019-01-13"
      },
      {
        "insertions": 0,
        "deletions": 0,
        "sinceDate": "2019-01-13",
        "untilDate": "2019-01-14"
      },
      {
        "insertions": 0,
        "deletions": 0,
        "sinceDate": "2019-01-14",
        "untilDate": "2019-01-15"
      },
      {
        "insertions": 0,
        "deletions": 0,
        "sinceDate": "2019-01-15",
        "untilDate": "2019-01-16"
      },
      {
        "insertions": 0,
        "deletions": 0,
        "sinceDate": "2019-01-16",
        "untilDate": "2019-01-17"
      },
      {
        "insertions": 2,
        "deletions": 0,
        "sinceDate": "2019-01-17",
        "untilDate": "2019-01-18"
      },
      {
        "insertions": 0,
        "deletions": 0,
        "sinceDate": "2019-01-18",
        "untilDate": "2019-01-19"
      },
      {
        "insertions": 102,
        "deletions": 7,
        "sinceDate": "2019-01-19",
        "untilDate": "2019-01-20"
      },
      {
        "insertions": 0,
        "deletions": 0,
        "sinceDate": "2019-01-20",
        "untilDate": "2019-01-21"
      },
      {
        "insertions": 0,
        "deletions": 0,
        "sinceDate": "2019-01-21",
        "untilDate": "2019-01-22"
      },
      {
        "insertions": 0,
        "deletions": 0,
        "sinceDate": "2019-01-22",
        "untilDate": "2019-01-23"
      },
      {
        "insertions": 0,
        "deletions": 0,
        "sinceDate": "2019-01-23",
        "untilDate": "2019-01-24"
      },
      {
        "insertions": 27,
        "deletions": 0,
        "sinceDate": "2019-01-24",
        "untilDate": "2019-01-25"
      },
      {
        "insertions": 0,
        "deletions": 0,
        "sinceDate": "2019-01-25",
        "untilDate": "2019-01-26"
      },
      {
        "insertions": 9,
        "deletions": 2,
        "sinceDate": "2019-01-26",
        "untilDate": "2019-01-27"
      },
      {
        "insertions": 0,
        "deletions": 0,
        "sinceDate": "2019-01-27",
        "untilDate": "2019-01-28"
      },
      {
        "insertions": 0,
        "deletions": 0,
        "sinceDate": "2019-01-28",
        "untilDate": "2019-01-29"
      },
      {
        "insertions": 0,
        "deletions": 0,
        "sinceDate": "2019-01-29",
        "untilDate": "2019-01-30"
      },
      {
        "insertions": 0,
        "deletions": 0,
        "sinceDate": "2019-01-30",
        "untilDate": "2019-01-31"
      },
      {
        "insertions": 96,
        "deletions": 0,
        "sinceDate": "2019-01-31",
        "untilDate": "2019-02-01"
      },
      {
        "insertions": 0,
        "deletions": 0,
        "sinceDate": "2019-02-01",
        "untilDate": "2019-02-02"
      },
      {
        "insertions": 0,
        "deletions": 0,
        "sinceDate": "2019-02-02",
        "untilDate": "2019-02-03"
      },
      {
        "insertions": 0,
        "deletions": 0,
        "sinceDate": "2019-02-03",
        "untilDate": "2019-02-04"
      },
      {
        "insertions": 37,
        "deletions": 18,
        "sinceDate": "2019-02-04",
        "untilDate": "2019-02-05"
      }
    ],
    "sijie123": [
      {
        "insertions": 0,
        "deletions": 0,
        "sinceDate": "2018-12-01",
        "untilDate": "2018-12-02"
      },
      {
        "insertions": 0,
        "deletions": 0,
        "sinceDate": "2018-12-02",
        "untilDate": "2018-12-03"
      },
      {
        "insertions": 0,
        "deletions": 0,
        "sinceDate": "2018-12-03",
        "untilDate": "2018-12-04"
      },
      {
        "insertions": 0,
        "deletions": 0,
        "sinceDate": "2018-12-04",
        "untilDate": "2018-12-05"
      },
      {
        "insertions": 0,
        "deletions": 0,
        "sinceDate": "2018-12-05",
        "untilDate": "2018-12-06"
      },
      {
        "insertions": 0,
        "deletions": 0,
        "sinceDate": "2018-12-06",
        "untilDate": "2018-12-07"
      },
      {
        "insertions": 0,
        "deletions": 0,
        "sinceDate": "2018-12-07",
        "untilDate": "2018-12-08"
      },
      {
        "insertions": 0,
        "deletions": 0,
        "sinceDate": "2018-12-08",
        "untilDate": "2018-12-09"
      },
      {
        "insertions": 0,
        "deletions": 0,
        "sinceDate": "2018-12-09",
        "untilDate": "2018-12-10"
      },
      {
        "insertions": 0,
        "deletions": 0,
        "sinceDate": "2018-12-10",
        "untilDate": "2018-12-11"
      },
      {
        "insertions": 0,
        "deletions": 0,
        "sinceDate": "2018-12-11",
        "untilDate": "2018-12-12"
      },
      {
        "insertions": 0,
        "deletions": 0,
        "sinceDate": "2018-12-12",
        "untilDate": "2018-12-13"
      },
      {
        "insertions": 0,
        "deletions": 0,
        "sinceDate": "2018-12-13",
        "untilDate": "2018-12-14"
      },
      {
        "insertions": 0,
        "deletions": 0,
        "sinceDate": "2018-12-14",
        "untilDate": "2018-12-15"
      },
      {
        "insertions": 0,
        "deletions": 0,
        "sinceDate": "2018-12-15",
        "untilDate": "2018-12-16"
      },
      {
        "insertions": 0,
        "deletions": 0,
        "sinceDate": "2018-12-16",
        "untilDate": "2018-12-17"
      },
      {
        "insertions": 0,
        "deletions": 0,
        "sinceDate": "2018-12-17",
        "untilDate": "2018-12-18"
      },
      {
        "insertions": 0,
        "deletions": 0,
        "sinceDate": "2018-12-18",
        "untilDate": "2018-12-19"
      },
      {
        "insertions": 0,
        "deletions": 0,
        "sinceDate": "2018-12-19",
        "untilDate": "2018-12-20"
      },
      {
        "insertions": 0,
        "deletions": 0,
        "sinceDate": "2018-12-20",
        "untilDate": "2018-12-21"
      },
      {
        "insertions": 0,
        "deletions": 0,
        "sinceDate": "2018-12-21",
        "untilDate": "2018-12-22"
      },
      {
        "insertions": 0,
        "deletions": 0,
        "sinceDate": "2018-12-22",
        "untilDate": "2018-12-23"
      },
      {
        "insertions": 0,
        "deletions": 0,
        "sinceDate": "2018-12-23",
        "untilDate": "2018-12-24"
      },
      {
        "insertions": 0,
        "deletions": 0,
        "sinceDate": "2018-12-24",
        "untilDate": "2018-12-25"
      },
      {
        "insertions": 0,
        "deletions": 0,
        "sinceDate": "2018-12-25",
        "untilDate": "2018-12-26"
      },
      {
        "insertions": 0,
        "deletions": 0,
        "sinceDate": "2018-12-26",
        "untilDate": "2018-12-27"
      },
      {
        "insertions": 0,
        "deletions": 0,
        "sinceDate": "2018-12-27",
        "untilDate": "2018-12-28"
      },
      {
        "insertions": 0,
        "deletions": 0,
        "sinceDate": "2018-12-28",
        "untilDate": "2018-12-29"
      },
      {
        "insertions": 0,
        "deletions": 0,
        "sinceDate": "2018-12-29",
        "untilDate": "2018-12-30"
      },
      {
        "insertions": 0,
        "deletions": 0,
        "sinceDate": "2018-12-30",
        "untilDate": "2018-12-31"
      },
      {
        "insertions": 0,
        "deletions": 0,
        "sinceDate": "2018-12-31",
        "untilDate": "2019-01-01"
      },
      {
        "insertions": 0,
        "deletions": 0,
        "sinceDate": "2019-01-01",
        "untilDate": "2019-01-02"
      },
      {
        "insertions": 0,
        "deletions": 0,
        "sinceDate": "2019-01-02",
        "untilDate": "2019-01-03"
      },
      {
        "insertions": 0,
        "deletions": 0,
        "sinceDate": "2019-01-03",
        "untilDate": "2019-01-04"
      },
      {
        "insertions": 0,
        "deletions": 0,
        "sinceDate": "2019-01-04",
        "untilDate": "2019-01-05"
      },
      {
        "insertions": 0,
        "deletions": 0,
        "sinceDate": "2019-01-05",
        "untilDate": "2019-01-06"
      },
      {
        "insertions": 0,
        "deletions": 0,
        "sinceDate": "2019-01-06",
        "untilDate": "2019-01-07"
      },
      {
        "insertions": 0,
        "deletions": 0,
        "sinceDate": "2019-01-07",
        "untilDate": "2019-01-08"
      },
      {
        "insertions": 0,
        "deletions": 0,
        "sinceDate": "2019-01-08",
        "untilDate": "2019-01-09"
      },
      {
        "insertions": 0,
        "deletions": 0,
        "sinceDate": "2019-01-09",
        "untilDate": "2019-01-10"
      },
      {
        "insertions": 0,
        "deletions": 0,
        "sinceDate": "2019-01-10",
        "untilDate": "2019-01-11"
      },
      {
        "insertions": 0,
        "deletions": 0,
        "sinceDate": "2019-01-11",
        "untilDate": "2019-01-12"
      },
      {
        "insertions": 0,
        "deletions": 0,
        "sinceDate": "2019-01-12",
        "untilDate": "2019-01-13"
      },
      {
        "insertions": 0,
        "deletions": 0,
        "sinceDate": "2019-01-13",
        "untilDate": "2019-01-14"
      },
      {
        "insertions": 0,
        "deletions": 0,
        "sinceDate": "2019-01-14",
        "untilDate": "2019-01-15"
      },
      {
        "insertions": 0,
        "deletions": 0,
        "sinceDate": "2019-01-15",
        "untilDate": "2019-01-16"
      },
      {
        "insertions": 0,
        "deletions": 0,
        "sinceDate": "2019-01-16",
        "untilDate": "2019-01-17"
      },
      {
        "insertions": 0,
        "deletions": 0,
        "sinceDate": "2019-01-17",
        "untilDate": "2019-01-18"
      },
      {
        "insertions": 0,
        "deletions": 0,
        "sinceDate": "2019-01-18",
        "untilDate": "2019-01-19"
      },
      {
        "insertions": 0,
        "deletions": 0,
        "sinceDate": "2019-01-19",
        "untilDate": "2019-01-20"
      },
      {
        "insertions": 0,
        "deletions": 0,
        "sinceDate": "2019-01-20",
        "untilDate": "2019-01-21"
      },
      {
        "insertions": 0,
        "deletions": 0,
        "sinceDate": "2019-01-21",
        "untilDate": "2019-01-22"
      },
      {
        "insertions": 0,
        "deletions": 0,
        "sinceDate": "2019-01-22",
        "untilDate": "2019-01-23"
      },
      {
        "insertions": 0,
        "deletions": 0,
        "sinceDate": "2019-01-23",
        "untilDate": "2019-01-24"
      },
      {
        "insertions": 0,
        "deletions": 0,
        "sinceDate": "2019-01-24",
        "untilDate": "2019-01-25"
      },
      {
        "insertions": 0,
        "deletions": 0,
        "sinceDate": "2019-01-25",
        "untilDate": "2019-01-26"
      },
      {
        "insertions": 0,
        "deletions": 0,
        "sinceDate": "2019-01-26",
        "untilDate": "2019-01-27"
      },
      {
        "insertions": 0,
        "deletions": 0,
        "sinceDate": "2019-01-27",
        "untilDate": "2019-01-28"
      },
      {
        "insertions": 0,
        "deletions": 0,
        "sinceDate": "2019-01-28",
        "untilDate": "2019-01-29"
      },
      {
        "insertions": 0,
        "deletions": 0,
        "sinceDate": "2019-01-29",
        "untilDate": "2019-01-30"
      },
      {
        "insertions": 0,
        "deletions": 0,
        "sinceDate": "2019-01-30",
        "untilDate": "2019-01-31"
      },
      {
        "insertions": 0,
        "deletions": 0,
        "sinceDate": "2019-01-31",
        "untilDate": "2019-02-01"
      },
      {
        "insertions": 0,
        "deletions": 0,
        "sinceDate": "2019-02-01",
        "untilDate": "2019-02-02"
      },
      {
        "insertions": 0,
        "deletions": 0,
        "sinceDate": "2019-02-02",
        "untilDate": "2019-02-03"
      },
      {
        "insertions": 0,
        "deletions": 0,
        "sinceDate": "2019-02-03",
        "untilDate": "2019-02-04"
      },
      {
        "insertions": 0,
        "deletions": 0,
        "sinceDate": "2019-02-04",
        "untilDate": "2019-02-05"
      }
    ],
    "luyangkenneth": [
      {
        "insertions": 0,
        "deletions": 0,
        "sinceDate": "2018-12-01",
        "untilDate": "2018-12-02"
      },
      {
        "insertions": 0,
        "deletions": 0,
        "sinceDate": "2018-12-02",
        "untilDate": "2018-12-03"
      },
      {
        "insertions": 0,
        "deletions": 0,
        "sinceDate": "2018-12-03",
        "untilDate": "2018-12-04"
      },
      {
        "insertions": 0,
        "deletions": 0,
        "sinceDate": "2018-12-04",
        "untilDate": "2018-12-05"
      },
      {
        "insertions": 0,
        "deletions": 0,
        "sinceDate": "2018-12-05",
        "untilDate": "2018-12-06"
      },
      {
        "insertions": 0,
        "deletions": 0,
        "sinceDate": "2018-12-06",
        "untilDate": "2018-12-07"
      },
      {
        "insertions": 0,
        "deletions": 0,
        "sinceDate": "2018-12-07",
        "untilDate": "2018-12-08"
      },
      {
        "insertions": 0,
        "deletions": 0,
        "sinceDate": "2018-12-08",
        "untilDate": "2018-12-09"
      },
      {
        "insertions": 0,
        "deletions": 0,
        "sinceDate": "2018-12-09",
        "untilDate": "2018-12-10"
      },
      {
        "insertions": 0,
        "deletions": 0,
        "sinceDate": "2018-12-10",
        "untilDate": "2018-12-11"
      },
      {
        "insertions": 0,
        "deletions": 0,
        "sinceDate": "2018-12-11",
        "untilDate": "2018-12-12"
      },
      {
        "insertions": 0,
        "deletions": 0,
        "sinceDate": "2018-12-12",
        "untilDate": "2018-12-13"
      },
      {
        "insertions": 0,
        "deletions": 0,
        "sinceDate": "2018-12-13",
        "untilDate": "2018-12-14"
      },
      {
        "insertions": 0,
        "deletions": 0,
        "sinceDate": "2018-12-14",
        "untilDate": "2018-12-15"
      },
      {
        "insertions": 0,
        "deletions": 0,
        "sinceDate": "2018-12-15",
        "untilDate": "2018-12-16"
      },
      {
        "insertions": 0,
        "deletions": 0,
        "sinceDate": "2018-12-16",
        "untilDate": "2018-12-17"
      },
      {
        "insertions": 0,
        "deletions": 0,
        "sinceDate": "2018-12-17",
        "untilDate": "2018-12-18"
      },
      {
        "insertions": 0,
        "deletions": 0,
        "sinceDate": "2018-12-18",
        "untilDate": "2018-12-19"
      },
      {
        "insertions": 0,
        "deletions": 0,
        "sinceDate": "2018-12-19",
        "untilDate": "2018-12-20"
      },
      {
        "insertions": 0,
        "deletions": 0,
        "sinceDate": "2018-12-20",
        "untilDate": "2018-12-21"
      },
      {
        "insertions": 0,
        "deletions": 0,
        "sinceDate": "2018-12-21",
        "untilDate": "2018-12-22"
      },
      {
        "insertions": 0,
        "deletions": 0,
        "sinceDate": "2018-12-22",
        "untilDate": "2018-12-23"
      },
      {
        "insertions": 0,
        "deletions": 0,
        "sinceDate": "2018-12-23",
        "untilDate": "2018-12-24"
      },
      {
        "insertions": 0,
        "deletions": 0,
        "sinceDate": "2018-12-24",
        "untilDate": "2018-12-25"
      },
      {
        "insertions": 0,
        "deletions": 0,
        "sinceDate": "2018-12-25",
        "untilDate": "2018-12-26"
      },
      {
        "insertions": 0,
        "deletions": 0,
        "sinceDate": "2018-12-26",
        "untilDate": "2018-12-27"
      },
      {
        "insertions": 0,
        "deletions": 0,
        "sinceDate": "2018-12-27",
        "untilDate": "2018-12-28"
      },
      {
        "insertions": 0,
        "deletions": 0,
        "sinceDate": "2018-12-28",
        "untilDate": "2018-12-29"
      },
      {
        "insertions": 0,
        "deletions": 0,
        "sinceDate": "2018-12-29",
        "untilDate": "2018-12-30"
      },
      {
        "insertions": 0,
        "deletions": 0,
        "sinceDate": "2018-12-30",
        "untilDate": "2018-12-31"
      },
      {
        "insertions": 0,
        "deletions": 0,
        "sinceDate": "2018-12-31",
        "untilDate": "2019-01-01"
      },
      {
        "insertions": 0,
        "deletions": 0,
        "sinceDate": "2019-01-01",
        "untilDate": "2019-01-02"
      },
      {
        "insertions": 0,
        "deletions": 0,
        "sinceDate": "2019-01-02",
        "untilDate": "2019-01-03"
      },
      {
        "insertions": 0,
        "deletions": 0,
        "sinceDate": "2019-01-03",
        "untilDate": "2019-01-04"
      },
      {
        "insertions": 0,
        "deletions": 0,
        "sinceDate": "2019-01-04",
        "untilDate": "2019-01-05"
      },
      {
        "insertions": 0,
        "deletions": 0,
        "sinceDate": "2019-01-05",
        "untilDate": "2019-01-06"
      },
      {
        "insertions": 0,
        "deletions": 0,
        "sinceDate": "2019-01-06",
        "untilDate": "2019-01-07"
      },
      {
        "insertions": 0,
        "deletions": 0,
        "sinceDate": "2019-01-07",
        "untilDate": "2019-01-08"
      },
      {
        "insertions": 0,
        "deletions": 0,
        "sinceDate": "2019-01-08",
        "untilDate": "2019-01-09"
      },
      {
        "insertions": 0,
        "deletions": 0,
        "sinceDate": "2019-01-09",
        "untilDate": "2019-01-10"
      },
      {
        "insertions": 0,
        "deletions": 0,
        "sinceDate": "2019-01-10",
        "untilDate": "2019-01-11"
      },
      {
        "insertions": 0,
        "deletions": 0,
        "sinceDate": "2019-01-11",
        "untilDate": "2019-01-12"
      },
      {
        "insertions": 0,
        "deletions": 0,
        "sinceDate": "2019-01-12",
        "untilDate": "2019-01-13"
      },
      {
        "insertions": 0,
        "deletions": 0,
        "sinceDate": "2019-01-13",
        "untilDate": "2019-01-14"
      },
      {
        "insertions": 0,
        "deletions": 0,
        "sinceDate": "2019-01-14",
        "untilDate": "2019-01-15"
      },
      {
        "insertions": 0,
        "deletions": 0,
        "sinceDate": "2019-01-15",
        "untilDate": "2019-01-16"
      },
      {
        "insertions": 0,
        "deletions": 0,
        "sinceDate": "2019-01-16",
        "untilDate": "2019-01-17"
      },
      {
        "insertions": 0,
        "deletions": 0,
        "sinceDate": "2019-01-17",
        "untilDate": "2019-01-18"
      },
      {
        "insertions": 0,
        "deletions": 0,
        "sinceDate": "2019-01-18",
        "untilDate": "2019-01-19"
      },
      {
        "insertions": 0,
        "deletions": 0,
        "sinceDate": "2019-01-19",
        "untilDate": "2019-01-20"
      },
      {
        "insertions": 0,
        "deletions": 0,
        "sinceDate": "2019-01-20",
        "untilDate": "2019-01-21"
      },
      {
        "insertions": 21,
        "deletions": 8,
        "sinceDate": "2019-01-21",
        "untilDate": "2019-01-22"
      },
      {
        "insertions": 0,
        "deletions": 0,
        "sinceDate": "2019-01-22",
        "untilDate": "2019-01-23"
      },
      {
        "insertions": 0,
        "deletions": 0,
        "sinceDate": "2019-01-23",
        "untilDate": "2019-01-24"
      },
      {
        "insertions": 19,
        "deletions": 9,
        "sinceDate": "2019-01-24",
        "untilDate": "2019-01-25"
      },
      {
        "insertions": 0,
        "deletions": 0,
        "sinceDate": "2019-01-25",
        "untilDate": "2019-01-26"
      },
      {
        "insertions": 0,
        "deletions": 0,
        "sinceDate": "2019-01-26",
        "untilDate": "2019-01-27"
      },
      {
        "insertions": 0,
        "deletions": 0,
        "sinceDate": "2019-01-27",
        "untilDate": "2019-01-28"
      },
      {
        "insertions": 0,
        "deletions": 0,
        "sinceDate": "2019-01-28",
        "untilDate": "2019-01-29"
      },
      {
        "insertions": 0,
        "deletions": 0,
        "sinceDate": "2019-01-29",
        "untilDate": "2019-01-30"
      },
      {
        "insertions": 0,
        "deletions": 0,
        "sinceDate": "2019-01-30",
        "untilDate": "2019-01-31"
      },
      {
        "insertions": 0,
        "deletions": 0,
        "sinceDate": "2019-01-31",
        "untilDate": "2019-02-01"
      },
      {
        "insertions": 0,
        "deletions": 0,
        "sinceDate": "2019-02-01",
        "untilDate": "2019-02-02"
      },
      {
        "insertions": 1,
        "deletions": 5,
        "sinceDate": "2019-02-02",
        "untilDate": "2019-02-03"
      },
      {
        "insertions": 0,
        "deletions": 0,
        "sinceDate": "2019-02-03",
        "untilDate": "2019-02-04"
      },
      {
        "insertions": 0,
        "deletions": 0,
        "sinceDate": "2019-02-04",
        "untilDate": "2019-02-05"
      }
    ],
    "amad-person": [
      {
        "insertions": 0,
        "deletions": 0,
        "sinceDate": "2018-12-01",
        "untilDate": "2018-12-02"
      },
      {
        "insertions": 0,
        "deletions": 0,
        "sinceDate": "2018-12-02",
        "untilDate": "2018-12-03"
      },
      {
        "insertions": 0,
        "deletions": 0,
        "sinceDate": "2018-12-03",
        "untilDate": "2018-12-04"
      },
      {
        "insertions": 0,
        "deletions": 0,
        "sinceDate": "2018-12-04",
        "untilDate": "2018-12-05"
      },
      {
        "insertions": 0,
        "deletions": 0,
        "sinceDate": "2018-12-05",
        "untilDate": "2018-12-06"
      },
      {
        "insertions": 0,
        "deletions": 0,
        "sinceDate": "2018-12-06",
        "untilDate": "2018-12-07"
      },
      {
        "insertions": 0,
        "deletions": 0,
        "sinceDate": "2018-12-07",
        "untilDate": "2018-12-08"
      },
      {
        "insertions": 0,
        "deletions": 0,
        "sinceDate": "2018-12-08",
        "untilDate": "2018-12-09"
      },
      {
        "insertions": 0,
        "deletions": 0,
        "sinceDate": "2018-12-09",
        "untilDate": "2018-12-10"
      },
      {
        "insertions": 0,
        "deletions": 0,
        "sinceDate": "2018-12-10",
        "untilDate": "2018-12-11"
      },
      {
        "insertions": 0,
        "deletions": 0,
        "sinceDate": "2018-12-11",
        "untilDate": "2018-12-12"
      },
      {
        "insertions": 0,
        "deletions": 0,
        "sinceDate": "2018-12-12",
        "untilDate": "2018-12-13"
      },
      {
        "insertions": 0,
        "deletions": 0,
        "sinceDate": "2018-12-13",
        "untilDate": "2018-12-14"
      },
      {
        "insertions": 0,
        "deletions": 0,
        "sinceDate": "2018-12-14",
        "untilDate": "2018-12-15"
      },
      {
        "insertions": 0,
        "deletions": 0,
        "sinceDate": "2018-12-15",
        "untilDate": "2018-12-16"
      },
      {
        "insertions": 0,
        "deletions": 0,
        "sinceDate": "2018-12-16",
        "untilDate": "2018-12-17"
      },
      {
        "insertions": 0,
        "deletions": 0,
        "sinceDate": "2018-12-17",
        "untilDate": "2018-12-18"
      },
      {
        "insertions": 0,
        "deletions": 0,
        "sinceDate": "2018-12-18",
        "untilDate": "2018-12-19"
      },
      {
        "insertions": 0,
        "deletions": 0,
        "sinceDate": "2018-12-19",
        "untilDate": "2018-12-20"
      },
      {
        "insertions": 0,
        "deletions": 0,
        "sinceDate": "2018-12-20",
        "untilDate": "2018-12-21"
      },
      {
        "insertions": 0,
        "deletions": 0,
        "sinceDate": "2018-12-21",
        "untilDate": "2018-12-22"
      },
      {
        "insertions": 0,
        "deletions": 0,
        "sinceDate": "2018-12-22",
        "untilDate": "2018-12-23"
      },
      {
        "insertions": 0,
        "deletions": 0,
        "sinceDate": "2018-12-23",
        "untilDate": "2018-12-24"
      },
      {
        "insertions": 0,
        "deletions": 0,
        "sinceDate": "2018-12-24",
        "untilDate": "2018-12-25"
      },
      {
        "insertions": 0,
        "deletions": 0,
        "sinceDate": "2018-12-25",
        "untilDate": "2018-12-26"
      },
      {
        "insertions": 0,
        "deletions": 0,
        "sinceDate": "2018-12-26",
        "untilDate": "2018-12-27"
      },
      {
        "insertions": 0,
        "deletions": 0,
        "sinceDate": "2018-12-27",
        "untilDate": "2018-12-28"
      },
      {
        "insertions": 0,
        "deletions": 0,
        "sinceDate": "2018-12-28",
        "untilDate": "2018-12-29"
      },
      {
        "insertions": 2,
        "deletions": 1,
        "sinceDate": "2018-12-29",
        "untilDate": "2018-12-30"
      },
      {
        "insertions": 0,
        "deletions": 0,
        "sinceDate": "2018-12-30",
        "untilDate": "2018-12-31"
      },
      {
        "insertions": 0,
        "deletions": 0,
        "sinceDate": "2018-12-31",
        "untilDate": "2019-01-01"
      },
      {
        "insertions": 0,
        "deletions": 0,
        "sinceDate": "2019-01-01",
        "untilDate": "2019-01-02"
      },
      {
        "insertions": 0,
        "deletions": 0,
        "sinceDate": "2019-01-02",
        "untilDate": "2019-01-03"
      },
      {
        "insertions": 0,
        "deletions": 0,
        "sinceDate": "2019-01-03",
        "untilDate": "2019-01-04"
      },
      {
        "insertions": 0,
        "deletions": 0,
        "sinceDate": "2019-01-04",
        "untilDate": "2019-01-05"
      },
      {
        "insertions": 1,
        "deletions": 75,
        "sinceDate": "2019-01-05",
        "untilDate": "2019-01-06"
      },
      {
        "insertions": 0,
        "deletions": 0,
        "sinceDate": "2019-01-06",
        "untilDate": "2019-01-07"
      },
      {
        "insertions": 0,
        "deletions": 0,
        "sinceDate": "2019-01-07",
        "untilDate": "2019-01-08"
      },
      {
        "insertions": 7,
        "deletions": 7,
        "sinceDate": "2019-01-08",
        "untilDate": "2019-01-09"
      },
      {
        "insertions": 0,
        "deletions": 0,
        "sinceDate": "2019-01-09",
        "untilDate": "2019-01-10"
      },
      {
        "insertions": 0,
        "deletions": 0,
        "sinceDate": "2019-01-10",
        "untilDate": "2019-01-11"
      },
      {
        "insertions": 0,
        "deletions": 0,
        "sinceDate": "2019-01-11",
        "untilDate": "2019-01-12"
      },
      {
        "insertions": 0,
        "deletions": 0,
        "sinceDate": "2019-01-12",
        "untilDate": "2019-01-13"
      },
      {
        "insertions": 13,
        "deletions": 2,
        "sinceDate": "2019-01-13",
        "untilDate": "2019-01-14"
      },
      {
        "insertions": 0,
        "deletions": 0,
        "sinceDate": "2019-01-14",
        "untilDate": "2019-01-15"
      },
      {
        "insertions": 0,
        "deletions": 0,
        "sinceDate": "2019-01-15",
        "untilDate": "2019-01-16"
      },
      {
        "insertions": 0,
        "deletions": 0,
        "sinceDate": "2019-01-16",
        "untilDate": "2019-01-17"
      },
      {
        "insertions": 0,
        "deletions": 0,
        "sinceDate": "2019-01-17",
        "untilDate": "2019-01-18"
      },
      {
        "insertions": 0,
        "deletions": 0,
        "sinceDate": "2019-01-18",
        "untilDate": "2019-01-19"
      },
      {
        "insertions": 0,
        "deletions": 0,
        "sinceDate": "2019-01-19",
        "untilDate": "2019-01-20"
      },
      {
        "insertions": 0,
        "deletions": 0,
        "sinceDate": "2019-01-20",
        "untilDate": "2019-01-21"
      },
      {
        "insertions": 0,
        "deletions": 0,
        "sinceDate": "2019-01-21",
        "untilDate": "2019-01-22"
      },
      {
        "insertions": 0,
        "deletions": 0,
        "sinceDate": "2019-01-22",
        "untilDate": "2019-01-23"
      },
      {
        "insertions": 0,
        "deletions": 0,
        "sinceDate": "2019-01-23",
        "untilDate": "2019-01-24"
      },
      {
        "insertions": 1,
        "deletions": 1,
        "sinceDate": "2019-01-24",
        "untilDate": "2019-01-25"
      },
      {
        "insertions": 0,
        "deletions": 0,
        "sinceDate": "2019-01-25",
        "untilDate": "2019-01-26"
      },
      {
        "insertions": 0,
        "deletions": 0,
        "sinceDate": "2019-01-26",
        "untilDate": "2019-01-27"
      },
      {
        "insertions": 0,
        "deletions": 0,
        "sinceDate": "2019-01-27",
        "untilDate": "2019-01-28"
      },
      {
        "insertions": 0,
        "deletions": 0,
        "sinceDate": "2019-01-28",
        "untilDate": "2019-01-29"
      },
      {
        "insertions": 0,
        "deletions": 0,
        "sinceDate": "2019-01-29",
        "untilDate": "2019-01-30"
      },
      {
        "insertions": 0,
        "deletions": 0,
        "sinceDate": "2019-01-30",
        "untilDate": "2019-01-31"
      },
      {
        "insertions": 0,
        "deletions": 0,
        "sinceDate": "2019-01-31",
        "untilDate": "2019-02-01"
      },
      {
        "insertions": 0,
        "deletions": 0,
        "sinceDate": "2019-02-01",
        "untilDate": "2019-02-02"
      },
      {
        "insertions": 0,
        "deletions": 0,
        "sinceDate": "2019-02-02",
        "untilDate": "2019-02-03"
      },
      {
        "insertions": 0,
        "deletions": 0,
        "sinceDate": "2019-02-03",
        "untilDate": "2019-02-04"
      },
      {
        "insertions": 0,
        "deletions": 0,
        "sinceDate": "2019-02-04",
        "untilDate": "2019-02-05"
      }
    ]
  },
  "authorFinalContributionMap": {
    "Xenonym": 676,
    "marvinchin": 273,
    "sijie123": 0,
    "luyangkenneth": 41,
    "amad-person": 21
  },
  "authorContributionVariance": {
    "Xenonym": 1225.9226,
    "marvinchin": 357.76312,
    "sijie123": 0.0,
    "luyangkenneth": 24.255505,
    "amad-person": 91.31316
  },
  "authorDisplayNameMap": {
    "Xenonym": "ZHEN YONG",
    "marvinchin": "MARVIN",
    "sijie123": "SI JIE",
    "luyangkenneth": "KENNETH",
    "amad-person": "AADYAA"
  }
}
