{
  "authorWeeklyIntervalContributions": {
    "amrut-prabhu": [],
    "monmanuela": [],
    "rrtheonlyone": [],
    "RonakLakhotia": [],
    "junming403": [],
    "AyushChatto": [],
    "tanhengyeow": [],
    "ChooJeremy": [],
    "Adoby7": [],
    "jacoblipech": []
  },
  "authorDailyIntervalContributions": {
    "amrut-prabhu": [],
    "monmanuela": [],
    "rrtheonlyone": [],
    "RonakLakhotia": [],
    "junming403": [],
    "AyushChatto": [],
    "tanhengyeow": [],
    "ChooJeremy": [],
    "Adoby7": [],
    "jacoblipech": []
  },
  "authorFinalContributionMap": {
    "amrut-prabhu": 0,
    "monmanuela": 0,
    "rrtheonlyone": 0,
    "RonakLakhotia": 0,
    "junming403": 0,
    "AyushChatto": 0,
    "tanhengyeow": 0,
    "ChooJeremy": 0,
    "Adoby7": 0,
    "jacoblipech": 0
  },
  "authorContributionVariance": {
    "amrut-prabhu": 0.0,
    "monmanuela": 0.0,
    "rrtheonlyone": 0.0,
    "RonakLakhotia": 0.0,
    "junming403": 0.0,
    "AyushChatto": 0.0,
    "tanhengyeow": 0.0,
    "ChooJeremy": 0.0,
    "Adoby7": 0.0,
    "jacoblipech": 0.0
  },
  "authorDisplayNameMap": {
    "amrut-prabhu": "AMRUT",
    "monmanuela": "MONIKA",
    "rrtheonlyone": "RAHUL",
    "RonakLakhotia": "RONAK",
    "junming403": "JUNMING",
    "AyushChatto": "AYUSH",
    "tanhengyeow": "HENG YEOW",
    "ChooJeremy": "JEREMY",
    "Adoby7": "CHUNHUI",
    "jacoblipech": "JACOB"
  }
}
