{
  "authorWeeklyIntervalContributions": {
    "chesterSng": [],
    "bryanLew": [],
    "henryYuPei": []
  },
  "authorDailyIntervalContributions": {
    "chesterSng": [],
    "bryanLew": [],
    "henryYuPei": []
  },
  "authorFinalContributionMap": {
    "chesterSng": 0,
    "bryanLew": 0,
    "henryYuPei": 0
  },
  "authorContributionVariance": {
    "chesterSng": 0.0,
    "bryanLew": 0.0,
    "henryYuPei": 0.0
  },
  "authorDisplayNameMap": {
    "chesterSng": "CHESTER",
    "bryanLew": "BRYAN",
    "henryYuPei": "HENRY"
  }
}
